utc_time,ra_deg,dec_deg,az_cmd_deg,el_cmd_deg,az_rate_dps,el_rate_dps
2026-08-17T01:18:30.499039,139.15030217313887,-40.40248325119954,-121.17965058081947,-33.66478514826122,0.0,0.0
2026-08-17T01:18:45.499039,139.4198855064722,-41.20226797342176,-122.15880021628774,-33.67739119728931,0.0,0.0
2026-08-17T01:19:00.499039,139.68832659498332,-42.00217606917454,-123.13764023401106,-33.686934792371055,-0.06521949206183374,-0.0012916515704729293
2026-08-17T01:19:15.499039,139.92357659498333,-42.8056691247301,-124.11485139852826,-33.71719422571612,-0.06517695624599848,-0.0014512852158385197
2026-08-17T01:19:30.499039,140.15882659498334,-43.60916218028565,-125.09225720444832,-33.74303511876314,-0.06513962115246603,-0.0016032182386689798
2026-08-17T01:19:45.499039,140.39407659498332,-44.41265523584121,-126.0697769797035,-33.764503533426335,-0.06510731802815997,-0.0017471386437862908
2026-08-17T01:20:00.499039,140.62803221257707,-45.21620512639398,-127.0472148182424,-33.78255494979173,-0.06507885160559965,-0.0018838173339996564
2026-08-17T01:20:15.499039,140.8243759625771,-46.02140651528288,-128.02155275824336,-33.82234932153731,-0.06502608848676251,-0.002042070887834709
2026-08-17T01:20:30.499039,141.0207197125771,-46.82660790417176,-128.99640511911534,-33.857171336901494,-0.06497876392002032,-0.002189206000667158
2026-08-17T01:20:45.499039,141.2170634625771,-47.63180929306065,-129.97167837966694,-33.887047834543665,-0.06493660031444506,-0.0023248946103331986
2026-08-17T01:21:00.499039,141.41190489725417,-48.43700005426713,-130.94710242668302,-33.912992872451014,-0.06489832214640974,-0.002450386492230076
2026-08-17T01:21:15.499039,141.5630923972542,-49.24188199871158,-131.91798201693982,-33.962242732256286,-0.0648367684245585,-0.0026078742274064483
2026-08-17T01:21:30.499039,141.7142798972542,-50.04676394315602,-132.88970887485075,-34.0057398388432,-0.06478083976012859,-0.002749954736786838
2026-08-17T01:21:45.499039,141.86546739725418,-50.85164588760046,-133.86216901743686,-34.04349088666632,-0.06473010272895342,-0.0028762852838580006
2026-08-17T01:22:00.499039,142.01486390173196,-51.656448586500005,-134.83501347581156,-34.07660132885934,-0.06468318106060167,-0.002988743882917196
2026-08-17T01:22:15.499039,142.11221806839865,-52.4589485865,-135.80196496919038,-34.13529422882608,-0.06461469843201258,-0.0031468260687989393
2026-08-17T01:22:30.499039,142.20957223506528,-53.2614485865,-136.77010589033083,-34.187165905315915,-0.06455192861065957,-0.003283971742341999
2026-08-17T01:22:45.499039,142.30692640173194,-54.063948586500004,-137.73929070714135,-34.232202068606625,-0.06449420606768494,-0.0033998257547121825
2026-08-17T01:23:00.499039,142.40208375713402,-54.86629610236111,-138.70908415395522,-34.27164213840108,-0.06443999200045596,-0.0034971010290797484
2026-08-17T01:23:15.499039,142.4334066738007,-55.664212769027785,-139.67174582878133,-34.33986186051216,-0.06436619424471625,-0.0036579853501616335
2026-08-17T01:23:30.499039,142.46472959046736,-56.46212943569444,-140.63594030812985,-34.39981644792424,-0.06429799804008335,-0.0037906109676508017
2026-08-17T01:23:45.499039,142.496052507134,-57.26004610236111,-141.6014737455591,-34.45146997723178,-0.0642343780207156,-0.003894616169176028
2026-08-17T01:24:00.499039,142.5245967469243,-58.05772664964907,-142.56781251586628,-34.49625345234891,-0.06417357270415304,-0.003973855912603893
2026-08-17T01:24:15.499039,142.47239883025765,-58.84854609409352,-143.52590827855633,-34.57425247084548,-0.06409680181206832,-0.004141098364466522
2026-08-17T01:24:30.499039,142.42020091359097,-59.63936553853796,-144.48586565514083,-34.64203922143401,-0.06402512925971943,-0.004270092939118678
2026-08-17T01:24:45.499039,142.3680029969243,-60.43018498298241,-145.44741606962722,-34.69955600890775,-0.06395694642810099,-0.004360487385802259
2026-08-17T01:25:00.499039,142.3121738784229,-61.22066850024815,-146.40991287845358,-34.748504847913544,-0.06389015400807901,-0.0044177452328772425
2026-08-17T01:25:15.499039,142.15083012842294,-62.001390722470376,-147.36336204622953,-34.83679366424814,-0.06381350402321478,-0.004596925587045912
2026-08-17T01:25:30.499039,141.98948637842292,-62.78211294469259,-148.31895581929624,-34.91222760061848,-0.06374067621386151,-0.004723842600266615
2026-08-17T01:25:45.499039,141.8281426284229,-63.56283516691481,-149.27630731693122,-34.97472846352805,-0.06366907123122398,-0.0047981969969183545
2026-08-17T01:26:00.499039,141.66188369082778,-64.34308954007453,-150.23463099683576,-35.02638288029418,-0.0635960426756005,-0.004827791723780865
2026-08-17T01:26:15.499039,141.35280035749446,-65.10974926229677,-151.18352876134205,-35.12588354129099,-0.06352368476000692,-0.005027686335051129
2026-08-17T01:26:30.499039,141.0437170241611,-65.87640898451899,-152.1347468008042,-35.208900333466005,-0.063452354579015,-0.005155170192362727
2026-08-17T01:26:45.499039,140.73463369082776,-66.64306870674122,-153.08770461737416,-35.27533964853795,-0.06337768556085356,-0.005210114217842054
2026-08-17T01:27:00.499039,140.41864247944793,-67.40907228509307,-154.04143799952564,-35.32783985476725,-0.06329613108477758,-0.00520380600734498
2026-08-17T01:27:15.499039,139.90192372944793,-68.15600978509306,-154.9862042174304,-35.44011602445428,-0.06323531163181144,-0.0054374485670773375
2026-08-17T01:27:30.499039,139.3852049794479,-68.90294728509306,-155.93323836877804,-35.530848023702006,-0.06316977234515188,-0.005569340882527918
2026-08-17T01:27:45.499039,138.8684862294479,-69.64988478509305,-156.88162958423365,-35.5999421696691,-0.06309184688372037,-0.005599842503121326
2026-08-17T01:28:00.499039,138.3416771881118,-70.39587364891989,-157.83016672700907,-35.650839601175576,-0.06299635087123648,-0.005545516479484825
2026-08-17T01:28:15.499039,137.52166677144515,-71.11429726003101,-158.77176615715942,-35.77837736934027,-0.0629590355552788,-0.005830495940249906
2026-08-17T01:28:30.499039,136.7016563547785,-71.83272087114213,-159.71511948222243,-35.877221239369355,-0.06290588034874342,-0.005971764683732891
2026-08-17T01:28:45.499039,135.88164593811183,-72.55114448225324,-160.65872624342055,-35.94732074891251,-0.06282288733038872,-0.005971033518449313
2026-08-17T01:29:00.499039,135.04636319527083,-73.26812781136158,-161.60100010407402,-35.99330183230543,-0.06270158784628468,-0.005852681295510169
2026-08-17T01:29:15.499039,133.76730069527088,-73.94325975580603,-162.54128848406387,-36.139775537284265,-0.06270488287957268,-0.006204284838098732
2026-08-17T01:29:30.499039,132.48823819527084,-74.61839170025047,-163.48194401062725,-36.24745978574995,-0.0626737893024611,-0.006358335701057053
2026-08-17T01:29:45.499039,131.20917569527083,-75.29352364469491,-164.4203760638803,-36.316466191883016,-0.06258259493145128,-0.006320053727612299
2026-08-17T01:30:00.499039,129.90657726843332,-75.96634014059399,-165.35435726856323,-36.3531613566368,-0.06241553295595566,-0.006124018301375559
2026-08-17T01:30:15.499039,127.92007726843335,-76.5718748628162,-166.29635210270814,-36.52289154991212,-0.062461191952793156,-0.006522811501097614
2026-08-17T01:30:30.499039,125.93357726843334,-77.17740958503842,-167.23597419851777,-36.6402215234962,-0.062456613839193174,-0.006681123117764484
2026-08-17T01:30:45.499039,123.94707726843333,-77.78294430726064,-168.1686376351947,-36.705727196225986,-0.06235922115430507,-0.006611125635308094
2026-08-17T01:31:00.499039,121.92577172406736,-78.38458744942915,-169.09086405878875,-36.728184028470494,-0.062137509811382566,-0.0063552658942435634
2026-08-17T01:31:15.499039,118.89309464073405,-78.87314994942916,-170.036631518399,-36.92251291741598,-0.062117272313440705,-0.006682090303133078
2026-08-17T01:31:30.499039,115.8604175574007,-79.36171244942916,-170.97673767133043,-37.04919455988169,-0.06209743451867145,-0.006810766923166748
2026-08-17T01:31:45.499039,112.82774047406735,-79.85027494942915,-171.90348260239685,-37.10980126811999,-0.062030556745517156,-0.00675455711153307
2026-08-17T01:32:00.499039,109.75352393886182,-80.332435194925,-172.8108584459292,-37.115793263946024,-0.061864010745042226,-0.006544702120254264
2026-08-17T01:32:15.499039,105.47226352219516,-80.628560194925,-173.75042478032097,-37.32474238628809,-0.061505357126329825,-0.006643009750766046
2026-08-17T01:32:30.499039,101.19100310552847,-80.92468519492499,-174.68766634075834,-37.45751355427621,-0.06136116510405666,-0.006716351308764897
2026-08-17T01:32:45.499039,96.9097426888618,-81.220810194925,-175.61230444465676,-37.516274049609954,-0.06141572353358242,-0.006743623654479692
2026-08-17T01:33:00.499039,92.60513521775694,-81.50800840377592,-176.51454534819382,-37.513548282901006,-0.06161165414691254,-0.00670337789264431
2026-08-17T01:33:15.499039,87.62211438442361,-81.53581395933148,-177.41727437355857,-37.719674087507904,-0.060968963399383826,-0.0066272705124948905
2026-08-17T01:33:30.499039,82.63909355109027,-81.56361951488702,-178.34007748381728,-37.85515671693348,-0.06071709059937073,-0.006663407611925246
2026-08-17T01:33:45.499039,77.65607271775693,-81.59142507044258,-179.2733694264268,-37.91903610665755,-0.06087390491279763,-0.006755469159355461
2026-08-17T01:34:00.499039,72.69138290380208,-81.61020448912222,-180.2042569435587,-37.92019861106334,-0.06140460362731612,-0.006836568297824049
2026-08-17T01:34:15.499039,68.25935165380209,-81.36670448912223,-181.06670038824703,-38.12001484778747,-0.061035460353333806,-0.006703166412530651
2026-08-17T01:34:30.499039,63.82732040380208,-81.12320448912223,-181.97371721268277,-38.25712246770724,-0.06086725402673494,-0.006694102973587294
2026-08-17T01:34:45.499039,59.39528915380208,-80.87970448912222,-182.91717303419247,-38.32693034873261,-0.06092708227288597,-0.0067861667991373645
2026-08-17T01:35:00.499039,55.00413647555416,-80.62970612340324,-183.88309778347175,-38.33393647863989,-0.061228202268255434,-0.006937388854820803
2026-08-17T01:35:15.499039,51.800823975554174,-80.19087973451437,-184.74152961595863,-38.52405405701158,-0.06130931585541456,-0.0067243420681105445
2026-08-17T01:35:30.499039,48.59751147555417,-79.75205334562548,-185.64414796702542,-38.658449073763954,-0.061282705470671314,-0.006654953918006079
2026-08-17T01:35:45.499039,45.39419897555416,-79.31322695673659,-186.58461929917306,-38.733376122554034,-0.061181974007850685,-0.0067513828945288045
2026-08-17T01:36:00.499039,42.226989521320135,-78.87059655065556,-187.5516412157494,-38.75268527364184,-0.06106156969325553,-0.007008347157869761
2026-08-17T01:36:15.499039,40.108854104653474,-78.31742988398891,-188.42381829089678,-38.92693589596074,-0.06127907320929561,-0.006744360622435982
2026-08-17T01:36:30.499039,37.9907186879868,-77.76426321732222,-189.3276418691634,-39.05571693786797,-0.06130119452907128,-0.006652637180872922
2026-08-17T01:36:45.499039,35.87258327132014,-77.21109655065555,-190.25900991513456,-39.137096296076066,-0.06116003772023457,-0.0067569129140878795
2026-08-17T01:37:00.499039,33.77916102835417,-76.65584893756619,-191.21048614666248,-39.17493813758426,-0.06091108666334435,-0.00705355180358224
2026-08-17T01:37:15.499039,32.403848528354175,-76.04013365978844,-192.0950184010741,-39.3333773317039,-0.061078571299938746,-0.006816335593039528
2026-08-17T01:37:30.499039,31.028536028354168,-75.42441838201066,-193.00029131051397,-39.456765535468705,-0.06109644573176496,-0.006735502581873831
2026-08-17T01:37:45.499039,29.653223528354165,-74.80870310423286,-193.9238238256012,-39.54420567224458,-0.06098618288436626,-0.0068236106020515665
2026-08-17T01:38:00.499039,28.293893791993753,-74.19185574724213,-194.86097161535062,-39.59911149007171,-0.060784965103237214,-0.007071857719357588
2026-08-17T01:38:15.499039,27.398987541993755,-73.54211269168658,-195.75324684688943,-39.74489616712548,-0.06088655818502105,-0.006886821951656922
2026-08-17T01:38:30.499039,26.50408129199375,-72.89236963613101,-196.65921535697518,-39.86397724769283,-0.06089383455860495,-0.006822448352795677
2026-08-17T01:38:45.499039,25.60917504199375,-72.24262658057546,-197.5773518612585,-39.955929568322254,-0.06081928739004023,-0.006884419062703925
2026-08-17T01:39:00.499039,24.724725738372918,-71.59227035395232,-198.50468195905083,-40.023561063907174,-0.0606849433722554,-0.007063108613246823
2026-08-17T01:39:15.499039,24.14413198837292,-70.9240967428412,-199.40140538327657,-40.15979596590273,-0.06074355411365388,-0.006922943017565508
2026-08-17T01:39:30.499039,23.563538238372917,-70.2559231317301,-200.30755145754668,-40.275459337804186,-0.060745012697334747,-0.006870579983398883
2026-08-17T01:39:45.499039,22.982944488372915,-69.58774952061898,-201.22213831240603,-40.37033595976905,-0.060696488457262866,-0.006908563629877603
2026-08-17T01:40:00.499039,22.409414219552083,-68.91925731007223,-202.14316482002133,-40.446684523661325,-0.06061092219395429,-0.007028630207106386
2026-08-17T01:40:15.499039,22.041132969552088,-68.24150731007224,-203.0424733405279,-40.57564932923334,-0.06064566932593181,-0.006919971958552651
2026-08-17T01:40:30.499039,21.672851719552085,-67.56375731007222,-203.9486168806554,-40.688446845700696,-0.060645561247189526,-0.006874428904076405
2026-08-17T01:40:45.499039,21.304570469552083,-66.88600731007222,-204.86093047613005,-40.78495720390757,-0.06061484652794983,-0.006893161039896493
2026-08-17T01:41:00.499039,20.941233864310416,-66.20811568465231,-205.7779926223254,-40.86699668875994,-0.060561353696354084,-0.006969629926841492
2026-08-17T01:41:15.499039,20.72157761431042,-65.52610874020789,-206.67888570238838,-40.99019260092905,-0.06058407149509908,-0.006881530240522101
2026-08-17T01:41:30.499039,20.50192136431042,-64.84410179576344,-207.58501880720942,-41.100390806293355,-0.06058516203444147,-0.006839028717395124
2026-08-17T01:41:45.499039,20.282265114310416,-64.16209485131898,-208.49591989576,-41.19751528455663,-0.060567254714982255,-0.0068426536696734415
2026-08-17T01:42:00.499039,20.066191201909724,-63.48005648590046,-209.41052726358382,-41.283040114882304,-0.06053525945960037,-0.0068873690797296066
2026-08-17T01:42:15.499039,19.95421203524306,-62.79710509701158,-210.31256191993978,-41.401432958095995,-0.06055266723912496,-0.00681231787521277
2026-08-17T01:42:30.499039,19.84223286857639,-62.114153708122686,-211.21883632478838,-41.50913029178811,-0.0605564433874207,-0.006770543510941944
2026-08-17T01:42:45.499039,19.73025370190972,-61.43120231923379,-212.12900104192792,-41.60607564426838,-0.0605482841051194,-0.006762271771959997
2026-08-17T01:43:00.499039,19.620954443984026,-60.74829274796481,-213.04222375747744,-41.69348097832749,-0.060531367371352,-0.006783642537822843
2026-08-17T01:43:15.499039,19.589527360650695,-60.06659830352037,-213.94520577108332,-41.80767074595458,-0.06054707864965062,-0.006716546916499647
2026-08-17T01:43:30.499039,19.55810027731736,-59.38490385907592,-214.85179201369985,-41.91285602760639,-0.060554111341374534,-0.006673976660465305
2026-08-17T01:43:45.499039,19.526673193984028,-58.70320941463147,-215.76171398837434,-42.00898789719183,-0.06055359798561805,-0.006656006267408661
2026-08-17T01:44:00.499039,19.497309844848612,-58.02160669170694,-216.67429134814606,-42.097077219421045,-0.060547655794560264,-0.0066596730960543
2026-08-17T01:44:15.499039,19.527914011515282,-57.34266919170695,-217.57821135789786,-42.20741858807595,-0.06056382406916706,-0.006597222244155295
2026-08-17T01:44:30.499039,19.558518178181945,-56.66373169170694,-218.48532968575333,-42.31000749104395,-0.06057445683670769,-0.0065529694650762116
2026-08-17T01:44:45.499039,19.58912234484861,-55.984794191706946,-219.3954328002021,-42.40479639635742,-0.060580329250463666,-0.00652691115712513
2026-08-17T01:45:00.499039,19.621359824575695,-55.30598445493241,-220.30794245282468,-42.49264174985401,-0.060582879195899865,-0.006516770940024171
2026-08-17T01:45:15.499039,19.701057741242362,-54.630887232710194,-221.21286465938343,-42.59933741525322,-0.060600653955202685,-0.006456903982370044
2026-08-17T01:45:30.499039,19.78075565790903,-53.955790010487966,-222.12072683410483,-42.69921236341553,-0.06061492624381089,-0.006410576565159332
2026-08-17T01:45:45.499039,19.860453574575693,-53.28069278826574,-223.03135349843004,-42.792217236046845,-0.06062623421250161,-0.006377744186398241
2026-08-17T01:46:00.499039,19.941477756695832,-52.605749898475,-223.94423685165398,-42.879089732223946,-0.06063556285925529,-0.006356653983756644
2026-08-17T01:46:15.499039,20.061040256695836,-51.935291565141675,-224.85028983252218,-42.98224706596036,-0.060655425753547355,-0.0062979665083328605
2026-08-17T01:46:30.499039,20.180602756695833,-51.26483323180833,-225.7591208350107,-43.07927667886307,-0.06067311406966193,-0.006249319585416894
2026-08-17T01:46:45.499039,20.300165256695834,-50.594374898474996,-226.67058090570228,-43.17012569872521,-0.060689001691845115,-0.0062106476561102275
2026-08-17T01:47:00.499039,20.42083084081875,-49.92409238397453,-227.58420999593542,-43.255440227904806,-0.060703761122006955,-0.006180606962273968
2026-08-17T01:47:15.499039,20.57354959081875,-49.258918772863424,-228.4915157498091,-43.35509339625316,-0.06072576841370818,-0.006122261835844315
2026-08-17T01:47:30.499039,20.72626834081875,-48.59374516175231,-229.4015005224642,-43.44913071366556,-0.06074646929819683,-0.0060712816768340614
2026-08-17T01:47:45.499039,20.878987090818747,-47.9285715506412,-230.3140337014514,-43.53749495478007,-0.06076611916803927,-0.006027590860424148
2026-08-17T01:48:00.499039,21.032645351047222,-47.263591317142584,-231.22868818629482,-43.62076256769682,-0.060785175814718664,-0.00599016529246601
2026-08-17T01:48:15.499039,21.21360368438056,-46.60423020603148,-232.13738204216716,-43.716918486261676,-0.06080933632168429,-0.005931557227620902
2026-08-17T01:48:30.499039,21.394562017713888,-45.944869094920364,-233.0486971507943,-43.807830480083155,-0.060832746965279225,-0.005878226219003284
2026-08-17T01:48:45.499039,21.575520351047224,-45.285507983809254,-233.962515205867,-43.893436601976106,-0.060855574097598245,-0.0058300929933038145
2026-08-17T01:49:00.499039,21.757295860743056,-44.62635572976111,-234.87843109370166,-43.97426006300073,-0.06087812056912914,-0.0057863915801053285
2026-08-17T01:49:15.499039,21.96281669407639,-43.97327239642779,-235.78863610841123,-44.06688026356767,-0.06090425626042683,-0.005727189511129597
2026-08-17T01:49:30.499039,22.168337527409722,-43.320189063094446,-236.7014301582977,-44.154517859945955,-0.06092998307348315,-0.0056716077172661505
2026-08-17T01:49:45.499039,22.373858360743053,-42.66710572976111,-237.61670259316318,-44.23710611397653,-0.06095539804425745,-0.00561956714229345
2026-08-17T01:50:00.499039,22.580105919620138,-42.01424534672176,-238.53406265459031,-44.31512955730946,-0.060980689407730417,-0.005570518622932615
2026-08-17T01:50:15.499039,22.80747050295347,-41.36786340227732,-239.44589279341838,-44.40418122759723,-0.061008484313284345,-0.005510764731582363
2026-08-17T01:50:30.499039,23.034835086286805,-40.72148145783287,-240.3602951196123,-44.48842340615509,-0.06103606293086917,-0.005453299806078189
2026-08-17T01:50:45.499039,23.262199669620138,-40.07509951338842,-241.2771629711779,-44.56778465905132,-0.06106346680597928,-0.005398047351244214
2026-08-17T01:51:00.499039,23.490223746854166,-39.428954381432405,-242.19611382262931,-44.64272229775264,-0.06109080071320534,-0.005344632260718048
2026-08-17T01:51:15.499039,23.737411246854165,-38.78969049254352,-243.1096542260054,-44.72817203135755,-0.061119923093149474,-0.0052842248288489085
2026-08-17T01:51:30.499039,23.984598746854168,-38.15042660365463,-244.025757710002,-44.80891383667534,-0.06114890751828739,-0.005225015376330215
2026-08-17T01:51:45.499039,24.231786246854163,-37.51116271476574,-244.9443186098807,-44.884871796125836,-0.061177749524390874,-0.005166931695041417
2026-08-17T01:52:00.499039,24.4795829903,-36.87214926952315,-245.86495874017496,-44.95648542859563,-0.061206495834088534,-0.005109748969789981
2026-08-17T01:52:15.499039,24.745082990300002,-36.24041315841204,-246.78028356459632,-45.0382882070591,-0.06123668291548275,-0.005048765125252549
2026-08-17T01:52:30.499039,25.010582990299998,-35.60867704730093,-247.69816402180678,-45.11542525131472,-0.06126672687504661,-0.004988072651176978
2026-08-17T01:52:45.499039,25.2760829903,-34.97694093618982,-248.6184929141048,-45.18781646245629,-0.06129658416515582,-0.004927604837936824
2026-08-17T01:53:00.499039,25.542156192040277,-34.34546936195602,-249.54089332271994,-45.25589217412744,-0.061326254681424074,-0.004867264175071343
2026-08-17T01:53:15.499039,25.824885358706947,-33.7216846397338,-250.45805617586333,-45.33402384638786,-0.06135707884994967,-0.004805844925716644
2026-08-17T01:53:30.499039,26.107614525373613,-33.09789991751158,-251.3777649350076,-45.407482554816575,-0.0613876900828861,-0.0047439560171808285
2026-08-17T01:53:45.499039,26.39034369204028,-32.47411519528936,-252.2999087096994,-45.476184376678255,-0.061418011026420534,-0.004681537241976841
2026-08-17T01:54:00.499039,26.67362006883264,-31.85061002732176,-253.2241093019458,-45.54055712960419,-0.06144801117059728,-0.004618597259100691
2026-08-17T01:54:15.499039,26.972797152165978,-31.23522808287732,-254.1431330265903,-45.614989598145094,-0.061479138559726705,-0.004556757906398386
2026-08-17T01:54:30.499039,27.271974235499307,-30.61984613843287,-255.06468683175314,-45.68469997337642,-0.06150992755035389,-0.004493800014081669
2026-08-17T01:54:45.499039,27.571151318832637,-30.004464193988422,-255.98865423727528,-45.74960093149351,-0.06154027090659421,-0.004429670841437172
2026-08-17T01:55:00.499039,27.87085793799375,-29.389377514285645,-256.9146546631916,-45.81012384521952,-0.0615701190986537,-0.0043644826264061486
2026-08-17T01:55:15.499039,28.185951687993754,-28.782870569841204,-257.83555280303057,-45.880834795155664,-0.061601238861289195,-0.0043025767211942656
2026-08-17T01:55:30.499039,28.501045437993753,-28.17636362539676,-258.75895624105004,-45.946738556506375,-0.061631858757849996,-0.00423899736697783
2026-08-17T01:55:45.499039,28.81613918799375,-27.569856680952313,-259.68474121849073,-46.007744877650715,-0.06166184510448242,-0.004173699986123758
2026-08-17T01:56:00.499039,29.131752423730557,-26.963662328992594,-260.61252359378426,-46.064295044772926,-0.06169113698534356,-0.0041068860743030434
2026-08-17T01:56:15.499039,29.462460757063894,-26.366551217881486,-261.535281689945,-46.131298804688406,-0.061721932915353744,-0.004045187328337007
2026-08-17T01:56:30.499039,29.79316909039722,-25.769440106770368,-262.46050988269513,-46.19337965741376,-0.061752036392522316,-0.003981336985515386
2026-08-17T01:56:45.499039,30.123877423730555,-25.172328995659257,-263.3880756498132,-46.25044492982836,-0.061781290150577206,-0.0039152993627765776
2026-08-17T01:57:00.499039,30.455100044477778,-24.57554895995879,-264.3175911014328,-46.30295017413589,-0.061809628112558815,-0.0038473481283721376
2026-08-17T01:57:15.499039,30.801266711144446,-23.988389237736573,-265.24218475287313,-46.366257274556105,-0.061839767327460035,-0.0037858988263428967
2026-08-17T01:57:30.499039,31.14743337781111,-23.401229515514352,-266.1692006081528,-46.42449899476822,-0.06186898912125922,-0.003721883018165843
2026-08-17T01:57:45.499039,31.49360004447778,-22.81406979329213,-267.09849603656,-46.477580801183905,-0.061897115080836326,-0.0036552748140691095
2026-08-17T01:58:00.499039,31.84027995889375,-22.227261477699077,-268.0296789672913,-46.52597682017758,-0.061924088097694605,-0.003586419916430946
2026-08-17T01:58:15.499039,32.20187370889376,-21.650664255476855,-268.9560537692402,-46.58560666384955,-0.06195347188516867,-0.0035254846428251457
2026-08-17T01:58:30.499039,32.56346745889375,-21.07406703325463,-269.88478857724624,-46.64000561959366,-0.06198169404596949,-0.003461622920228476
2026-08-17T01:58:45.499039,32.92506120889375,-20.49746981103241,-270.81572945951353,-46.689077907516655,-0.06200855739105388,-0.0033948193363655694
2026-08-17T01:59:00.499039,33.287171325636805,-19.921245481840742,-271.74848167315616,-46.7333205641076,-0.062034012098369826,-0.0033254813129359444
2026-08-17T01:59:15.499039,33.66428590897014,-19.355856592951856,-272.6766013790933,-46.78931543169512,-0.062062374408415145,-0.0032652525730860896
2026-08-17T01:59:30.499039,34.041400492303474,-18.790467704062962,-273.60700389366906,-46.83989374519564,-0.06208931424669022,-0.0032017888681933116
2026-08-17T01:59:45.499039,34.418515075636805,-18.225078815174072,-274.53952292348646,-46.88495912154777,-0.06211461807820816,-0.0031350860060525084
2026-08-17T02:00:00.499039,34.79615122403611,-17.660086847119445,-275.4737604190957,-46.925034577729896,-0.062138247633807944,-0.0030656130431983303
2026-08-17T02:00:15.499039,35.188942890702776,-17.106628513786113,-276.40353869825003,-46.977436972619884,-0.062165272418827536,-0.003006394249785534
2026-08-17T02:00:30.499039,35.581734557369444,-16.553170180452778,-277.3355062868492,-47.024220283776856,-0.06219060657705834,-0.0029436812497235583
2026-08-17T02:00:45.499039,35.97452622403611,-15.999711847119443,-278.26948362889846,-47.065288228242956,-0.06221402283031523,-0.0028774817179533824
2026-08-17T02:01:00.499039,36.367847773085415,-15.446676310716667,-279.2050713892131,-47.1011941292914,-0.06223550840514065,-0.0028083129565522097
2026-08-17T02:01:15.499039,36.77656652308542,-14.90592631071667,-280.1364340693526,-47.15008274166939,-0.062261197645690915,-0.0027501837763293105
2026-08-17T02:01:30.499039,37.18528527308542,-14.365176310716667,-281.06987668291606,-47.193135495162466,-0.06228492042125424,-0.0026883446168897746
2026-08-17T02:01:45.499039,37.59400402308542,-13.824426310716667,-282.0052056631243,-47.23025692770218,-0.06230643819844867,-0.0026228156239638404
2026-08-17T02:02:00.499039,38.003261319339586,-13.284126600999537,-282.9420214277126,-47.26203213251616,-0.06232575921406796,-0.002554157666492192
2026-08-17T02:02:15.499039,38.428167569339585,-12.756911323221761,-283.87488241573294,-47.3074590257794,-0.06234993429772733,-0.002497290607003322
2026-08-17T02:02:30.499039,38.853073819339585,-12.229696045443982,-284.8096967373997,-47.34682163780363,-0.062371869128512954,-0.0024365434271760005
2026-08-17T02:02:45.499039,39.27798006933958,-11.702480767666202,-285.7462562127123,-47.38002610311862,-0.06239131676388041,-0.0023719492212381493
2026-08-17T02:03:00.499039,39.70343560879444,-11.175746045962498,-286.6841624949013,-47.40769304927046,-0.062408315680640196,-0.002304112574816545
2026-08-17T02:03:15.499039,40.14485227546112,-10.662975212629169,-287.6184261850799,-47.449757614509785,-0.062430988090886784,-0.002248819558083959
2026-08-17T02:03:30.499039,40.58626894212778,-10.150204379295833,-288.5545009783376,-47.485520706423586,-0.062451161563826456,-0.0021895208656185143
2026-08-17T02:03:45.499039,41.02768560879444,-9.6374335459625,-289.49216367478994,-47.51489083425076,-0.06246858378192618,-0.002126262709746148
2026-08-17T02:04:00.499039,41.46966230811667,-9.125175151750462,-290.4310193093893,-47.53852564149415,-0.062483314018770386,-0.002059673574072877
2026-08-17T02:04:15.499039,41.927912308116674,-8.627807096194909,-291.36660098663936,-47.57731737274948,-0.06250418700551373,-0.0020058492155036706
2026-08-17T02:04:30.499039,42.38616230811667,-8.130439040639352,-292.3038361250589,-47.60956414167785,-0.06252231167596657,-0.00194794276113844
2026-08-17T02:04:45.499039,42.84441230811666,-7.633070985083796,-293.24248626654344,-47.635177628288154,-0.06253743368842161,-0.0018860137908411308
2026-08-17T02:05:00.499039,43.30323204430833,-7.136250024135649,-294.1821601771537,-47.65485387815921,-0.06254964820429051,-0.0018207183838774435
2026-08-17T02:05:15.499039,43.77860704430834,-6.655326413024539,-295.11892862574155,-47.690459520370226,-0.06256887639292093,-0.0017685910401578889
2026-08-17T02:05:30.499039,44.25398204430833,-6.174402801913426,-296.0571783794536,-47.7192738377602,-0.06258513833868876,-0.001712350003494419
2026-08-17T02:05:45.499039,44.72935704430833,-5.693479190802314,-296.99665571740053,-47.74121248915169,-0.06259818102171504,-0.001652067874507305
2026-08-17T02:06:00.499039,45.205312177145835,-5.213138716004166,-297.93697709390415,-47.75701184755944,-0.06260813047977555,-0.001588419123567834
2026-08-17T02:06:15.499039,45.69812467714584,-4.749742882670834,-298.87486615378987,-47.78954829756842,-0.06262567862755948,-0.0015380688082402116
2026-08-17T02:06:30.499039,46.19093717714583,-4.2863470493374995,-299.8140527257016,-47.81504614209718,-0.06264007945536273,-0.0014836221928302843
2026-08-17T02:06:45.499039,46.68374967714583,-3.8229512160041663,-300.75426798914924,-47.83342577322903,-0.06265108491651858,-0.001425164309401102
2026-08-17T02:07:00.499039,47.17714958763541,-3.3601773331282403,-301.6951358347268,-47.84546417298735,-0.06265884423042015,-0.0013633796318101687
2026-08-17T02:07:15.499039,47.68761833763542,-2.915475944239352,-302.6340100610487,-47.87502777735905,-0.06267450203130523,-0.0013148497431756093
2026-08-17T02:07:30.499039,48.198087087635415,-2.470774555350463,-303.57398791409713,-47.89730850089983,-0.06268687793492612,-0.0012622927767215705
2026-08-17T02:07:45.499039,48.708555837635416,-2.026073166461574,-304.51478590738276,-47.912232206279825,-0.06269573272885177,-0.001205805273577217
2026-08-17T02:08:00.499039,49.219618236112495,-1.5820341594305556,-305.45603840155457,-47.92061740337666,-0.06270125138762239,-0.001146072901547394
2026-08-17T02:08:15.499039,49.7479307361125,-1.157242492763889,-306.3958063975465,-47.947330266749496,-0.06271535836764125,-0.0010994371133725997
2026-08-17T02:08:30.499039,50.2762432361125,-0.7324508260972222,-307.33647807789265,-47.96652127530377,-0.06272610840193285,-0.0010488870565363703
2026-08-17T02:08:45.499039,50.8045557361125,-0.3076591594305555,-308.27775591661145,-47.9781224060583,-0.06273327451417429,-0.0009945292630339016
2026-08-17T02:09:00.499039,51.33346465702847,0.11642830775833334,-309.2192860012414,-47.982992921173036,-0.06273705016544824,-0.000937040597225843
2026-08-17T02:09:15.499039,51.87970424036182,0.5200533077583334,-310.15985306516563,-48.00696023096376,-0.06274924148374149,-0.0008922616132118459
2026-08-17T02:09:30.499039,52.42594382369514,0.9236783077583334,-311.1011209223291,-48.0231749476842,-0.06275806649573402,-0.0008437343000289014
2026-08-17T02:09:45.499039,52.97218340702847,1.3273033077583334,-312.0427788490837,-48.03157571784389,-0.06276331432228612,-0.0007915733821256765
2026-08-17T02:10:00.499039,53.51901802505834,1.7301799802949074,-312.9844844214083,-48.03306227504376,-0.06276519458382665,-0.0007364387064940322
2026-08-17T02:10:15.499039,54.083143025058334,2.1113119247393524,-313.9257153755955,-48.05440166033492,-0.06277550643922135,-0.0006934901716414643
2026-08-17T02:10:30.499039,54.64726802505833,2.4924438691837962,-314.86744605738073,-48.06776939130724,-0.0627825180199333,-0.0006470030929007701
2026-08-17T02:10:45.499039,55.211393025058335,2.873575813628241,-315.8093536352858,-48.07311121191338,-0.06278603771593368,-0.0005970980399375492
2026-08-17T02:11:00.499039,55.776107514877076,3.253915302623611,-316.75110935130067,-48.07136556595232,-0.06278629036991296,-0.0005444116001747546
2026-08-17T02:11:15.499039,56.35795126487709,3.6112278026236115,-317.6929138378722,-48.09017905156074,-0.0627949595574402,-0.0005033148039597535
2026-08-17T02:11:30.499039,56.93979501487708,3.9685403026236115,-318.63502308472107,-48.10081531883229,-0.06280047864270699,-0.00045892501860720356
2026-08-17T02:11:45.499039,57.52163876487708,4.325852802623611,-319.5771033749957,-48.1032274826364,-0.0628026777267967,-0.0004113658285412806
2026-08-17T02:12:00.499039,58.10406126149513,4.682327332969445,-320.5188392657979,-48.09839166706473,-0.06280177624409192,-0.00036124401055435127
2026-08-17T02:12:15.499039,58.703300844828476,5.014452332969445,-321.4611105224883,-48.11479943681009,-0.0628087009514824,-0.00032204181064212636
2026-08-17T02:12:30.499039,59.302540428161805,5.346577332969445,-322.40350349450557,-48.1228403935401,-0.06281271372053444,-0.00027982710588497404
2026-08-17T02:12:45.499039,59.901780011495134,5.678702332969444,-323.3456749625014,-48.12247511133833,-0.06281366844685579,-0.0002347234030472952
2026-08-17T02:13:00.499039,60.50158136025833,6.009944080146759,-324.2873225005917,-48.11471484721884,-0.06281177106380512,-0.00018729425602774795
2026-08-17T02:13:15.499039,61.11770636025834,6.315520469035649,-325.22995795205014,-48.128824068837794,-0.0628169078656389,-0.00014984396202741835
2026-08-17T02:13:30.499039,61.733831360258336,6.621096857924537,-326.1725487311852,-48.134394571538486,-0.06281945068137797,-0.00010968797482947915
2026-08-17T02:13:45.499039,62.34995636025833,6.926673246813426,-327.1147435886184,-48.131394291002074,-0.06281927833883146,-6.69465497095345e-05
2026-08-17T02:14:00.499039,62.96661921340277,7.231321561784259,-328.0562517934545,-48.12086697778806,-0.06281657156408661,-2.2137318991906815e-05
2026-08-17T02:14:15.499039,63.598910880069454,7.509002117339817,-328.99913946636497,-48.13278071225338,-0.06281982210086028,1.3600084478918954e-05
2026-08-17T02:14:30.499039,64.23120254673611,7.786682672895371,-329.94183757627087,-48.13600295051964,-0.06282087355254759,5.171812014210057e-05
2026-08-17T02:14:45.499039,64.86349421340277,8.064363228450926,-330.88398836316117,-48.130508697303476,-0.06281962988248324,9.210297997282642e-05
2026-08-17T02:15:00.499039,65.4962925432764,8.341072044175926,-331.8253110882821,-48.11737132549787,-0.06281624947261454,0.00013428970546390436
2026-08-17T02:15:15.499039,66.14381337660973,8.589544266398148,-332.7683366041533,-48.127192058700324,-0.06281790513181468,0.0001684088587314984
2026-08-17T02:15:30.499039,66.79133420994306,8.838016488620369,-333.7110535574909,-48.128188397121434,-0.06281781795558317,0.0002045821246633513
2026-08-17T02:15:45.499039,67.43885504327639,9.086488710842591,-334.6530991745164,-48.120341933405335,-0.06281591574970283,0.00024270503738907934
2026-08-17T02:16:00.499039,68.08684441878195,9.333948068724073,-335.59420173016827,-48.10475221313239,-0.06281231686118313,0.0002823633885215079
2026-08-17T02:16:15.499039,68.74844858544863,9.551975846501852,-336.5372880821827,-48.1125716492056,-0.0628124775652187,0.00031481151954822667
2026-08-17T02:16:30.499039,69.41005275211529,9.77000362427963,-337.47997573094085,-48.11145309556004,-0.06281140046090977,0.00034899165224550424
2026-08-17T02:16:45.499039,70.07165691878194,9.988031402057407,-338.4218982531255,-48.10138409281679,-0.06280903510478121,0.0003848110775053352
2026-08-17T02:17:00.499039,70.73368353582431,10.20500703927685,-339.36278911162407,-48.08348771887529,-0.06280544537516117,0.00042191396332699564
2026-08-17T02:17:15.499039,71.40798561915766,10.391409817054631,-340.30583391197956,-48.08941467635454,-0.06280389935540616,0.0004528518534902067
2026-08-17T02:17:30.499039,72.08228770249097,10.577812594832407,-341.2484216128001,-48.086309398851974,-0.0628016364752753,0.000485206008636041
2026-08-17T02:17:45.499039,72.7565897858243,10.764215372610185,-342.19018338709014,-48.074164604104695,-0.06279862547401696,0.0005188969374218051
2026-08-17T02:18:00.499039,73.431260256975,10.949531354343518,-343.1308551751876,-48.05412253753315,-0.06279489061377604,0.0005536250658062514
2026-08-17T02:18:15.499039,74.116635256975,11.103267465454632,-344.07375600483147,-48.058229426786774,-0.0627919949200224,0.000583149200741732
2026-08-17T02:18:30.499039,74.802010256975,11.257003576565742,-345.01617210797394,-48.05322837452371,-0.06278889286173618,0.0006137969558859406
2026-08-17T02:18:45.499039,75.487385256975,11.410739687676852,-345.95773331000754,-48.03911646032617,-0.0627855685761953,0.0006455025423154126
2026-08-17T02:19:00.499039,76.17306869080139,11.563358043842593,-346.8981759852772,-48.01705271097854,-0.06278199226080546,0.0006780174685681928
2026-08-17T02:19:15.499039,76.86771452413473,11.683496932731483,-347.84087330238225,-48.01943677226553,-0.06277783377393813,0.0007061258190360557
2026-08-17T02:19:30.499039,77.56236035746805,11.803635821620372,-348.78308875620843,-48.01265376414566,-0.06277394292361199,0.0007350860129472281
2026-08-17T02:19:45.499039,78.25700619080138,11.92377471050926,-349.7244516162336,-47.996704299026845,-0.06277031558534532,0.0007648453447549386
2026-08-17T02:20:00.499039,78.95189322631805,12.042770430429629,-350.66469424648426,-47.97276044130497,-0.06276687413593436,0.0007952093330324317
2026-08-17T02:20:15.499039,79.65378905965139,12.128548208207409,-351.60709605770404,-47.97349432850245,-0.0627615978789379,0.0008221051969638183
2026-08-17T02:20:30.499039,80.35568489298473,12.214325985985186,-352.5490452588074,-47.965018052970045,-0.06275698843900794,0.0008496025530243756
2026-08-17T02:20:45.499039,81.05758072631805,12.300103763762964,-353.490171180249,-47.94733501895558,-0.06275304995084241,0.0008776598577969826
2026-08-17T02:21:00.499039,81.75964637153334,12.384718734463426,-354.4302008815893,-47.92162759101465,-0.06274967568605898,0.0009061270850895772
2026-08-17T02:21:15.499039,82.46664637153334,12.435545123352318,-355.3722650478548,-47.92078414862987,-0.06274376664921656,0.0009318679637296749
2026-08-17T02:21:30.499039,83.17364637153332,12.486371512241204,-356.3139273688894,-47.910701457782736,-0.06273882853926503,0.0009579842301299379
2026-08-17T02:21:45.499039,83.88064637153333,12.537197901130092,-357.25481761033467,-47.89138511609121,-0.06273487053018603,0.0009844426159133946
2026-08-17T02:22:00.499039,84.58774098101041,12.58684808282037,-358.19465532881134,-47.86402519109422,-0.062731749972338,0.001011132810436699
2026-08-17T02:22:15.499039,85.29758473101043,12.602320305042594,-359.13634805561003,-47.861670172854886,-0.06272517487392738,0.0010358008879062315
2026-08-17T02:22:30.499039,86.00742848101042,12.617792527264815,-360.07770468351913,-47.85005994535445,-0.06271975968503275,0.001060625499299365
2026-08-17T02:22:45.499039,86.71727223101041,12.633264749487036,-361.01835564387125,-47.82920190504597,-0.06271551704874838,0.0010855779613783293
2026-08-17T02:23:00.499039,87.42713261564374,12.647553833413426,-361.9580108782698,-47.800291653762244,-0.06271229033799225,0.0011105883407820964
2026-08-17T02:23:15.499039,88.13747636564376,12.62746355563565,-362.8992860327261,-47.79648804208112,-0.0627052387367731,0.0011344106578787816
2026-08-17T02:23:30.499039,88.84782011564374,12.60737327785787,-363.84029853109325,-47.78342639786681,-0.06269940325671162,0.001158173399097547
2026-08-17T02:23:45.499039,89.55816386564373,12.58728300008009,-364.7806796561845,-47.76111576072581,-0.06269479947265305,0.0011818482442840525
2026-08-17T02:24:00.499039,90.26844627543333,12.56601004607963,-365.72013016937035,-47.73075459020037,-0.06269128369913422,0.0012053992095405993
2026-08-17T02:24:15.499039,90.97694627543333,12.510371157190741,-366.6609767040228,-47.72554089390943,-0.06268422905462406,0.0012285293842671408
2026-08-17T02:24:30.499039,91.68544627543332,12.454732268301852,-367.60163307432447,-47.71107913746275,-0.06267831588809732,0.0012513828543743463
2026-08-17T02:24:45.499039,92.39394627543334,12.399093379412962,-368.5417315805895,-47.687380115731884,-0.06267356313367618,0.0012739274689230011
2026-08-17T02:25:00.499039,93.1023083465986,12.342278514362038,-369.480964922166,-47.65564374861737,-0.06266984935848825,0.0012961609539717145
2026-08-17T02:25:15.499039,93.8066625132653,12.251292403250929,-370.42139351928097,-47.649064515969066,-0.062663003723776,0.0013188429037255627
2026-08-17T02:25:30.499039,94.51101667993194,12.160306292139815,-371.36169643766493,-47.63326045534189,-0.06265709948592833,0.001341016213277335
2026-08-17T02:25:45.499039,95.2153708465986,12.069320181028704,-372.3015072322256,-47.60824446445505,-0.06265216089684221,0.0013626410775277856
2026-08-17T02:26:00.499039,95.91951326824514,11.977172186986573,-373.24051209238894,-47.575215275723764,-0.062648099493047,0.001383744345728921
2026-08-17T02:26:15.499039,96.61750285157848,11.851262464764353,-374.1805371508759,-47.567279745462365,-0.0626414471160994,0.0014061165139685509
2026-08-17T02:26:30.499039,97.31549243491182,11.72535274254213,-375.12048501263587,-47.55015719186947,-0.06263543294945274,0.0014277224279053277
2026-08-17T02:26:45.499039,98.01348201824513,11.599443020319907,-376.05999088821056,-47.52386318642855,-0.0626300897061185,0.0014485116783000387
2026-08-17T02:27:00.499039,98.7111898524764,11.47239082223889,-376.9987368613316,-47.4895944271299,-0.06262538417281766,0.0014685440003703457
2026-08-17T02:27:15.499039,99.40071068580973,11.312140822238892,-377.9383671732129,-47.48033053429284,-0.062619091268139,0.0014908287777133822
2026-08-17T02:27:30.499039,100.09023151914305,11.15189082223889,-378.87794839159926,-47.46193376399325,-0.0626130518118373,0.0015120642582870047
2026-08-17T02:27:45.499039,100.77975235247638,10.991640822238889,-379.81711799695984,-47.43442306305904,-0.06260731042463401,0.0015321874877654907
2026-08-17T02:28:00.499039,101.46892767061318,10.830274453512963,-380.75555819312706,-47.39898999567932,-0.06260189772858855,0.001551294118114003
2026-08-17T02:28:15.499039,102.14806308727987,10.63646889795741,-381.6948281030526,-47.38838029213676,-0.06259604024009681,0.0015737642041055249
2026-08-17T02:28:30.499039,102.82719850394653,10.442663342401852,-382.63405123005634,-47.368709480875026,-0.06258999673469248,0.0015948752817627346
2026-08-17T02:28:45.499039,103.5063339206132,10.248857786846298,-383.57286813916664,-47.34000068789669,-0.06258382732570453,0.0016145510831411987
2026-08-17T02:29:00.499039,104.18506594742152,10.053966359392593,-384.51096458876225,-47.30343913295622,-0.06257763948885611,0.0016329176990116897
2026-08-17T02:29:15.499039,104.85207636408822,9.82752191494815,-385.4498920020245,-47.29147882980018,-0.06257227953130381,0.0016555615474772504
2026-08-17T02:29:30.499039,105.51908678075486,9.601077470503704,-386.38874799976236,-47.27054873018172,-0.06256628161308128,0.0016765140379426076
2026-08-17T02:29:45.499039,106.18609719742153,9.374633026059259,-387.3271772760444,-47.2406769330821,-0.06255972452174016,0.001695686188452091
2026-08-17T02:30:00.499039,106.85265397377499,9.147137365202777,-388.2648749317898,-47.20303987179792,-0.06255279734204275,0.0017132516823185875
2026-08-17T02:30:15.499039,107.50602897377502,8.889095698536112,-389.2035016468092,-47.18971290643949,-0.06254801759622523,0.0017364672673043794
2026-08-17T02:30:30.499039,108.159403973775,8.631054031869445,-390.1420050236261,-47.16752779632191,-0.06254214781515562,0.001757644326585724
2026-08-17T02:30:45.499039,108.812778973775,8.373012365202777,-391.0800350817756,-47.13651834528244,-0.06253528796587395,0.001776682603541424
2026-08-17T02:31:00.499039,109.4656577072139,8.113958527305094,-392.0173002698075,-47.09784893107799,-0.06252769459207078,0.001793797619342937
2026-08-17T02:31:15.499039,110.10411604054723,7.825493249527317,-392.95565411357165,-47.08310275772365,-0.06252322328907667,0.001817741924976346
2026-08-17T02:31:30.499039,110.74257437388056,7.537027971749538,-393.89380573758103,-47.059631410991436,-0.06251724456549633,0.001839289279655946
2026-08-17T02:31:45.499039,111.38103270721389,7.24856269397176,-394.83141183194925,-47.02747502065713,-0.06250988138427639,0.0018583306092478343
2026-08-17T02:32:00.499039,112.01895907883541,6.959126369473148,-395.7681982828383,-46.98778415747677,-0.06250146216354817,0.0018751193068432316
2026-08-17T02:32:15.499039,112.64142782883543,6.641473591695371,-396.7062884414984,-46.97158387544233,-0.06249721682651739,0.001899710960149233
2026-08-17T02:32:30.499039,113.26389657883541,6.323820813917592,-397.64407437148566,-46.9468130827632,-0.06249111034182609,0.0019215511311935292
2026-08-17T02:32:45.499039,113.88636532883541,6.006168036139814,-398.58122084788874,-46.9135186721727,-0.06248328908048772,0.0019405250795363927
2026-08-17T02:33:00.499039,114.50827404617985,5.687587184443982,-399.5174757294333,-46.8728346142568,-0.06247414733515768,0.001956938668946743
2026-08-17T02:33:15.499039,115.11390946284655,5.342038573332871,-400.45532013275385,-46.85513744250574,-0.06247011716681262,0.0019824742129643507
2026-08-17T02:33:30.499039,115.7195448795132,4.996489962221759,-401.39273897860016,-46.82904527524821,-0.06246393496892513,0.0020049207839038037
2026-08-17T02:33:45.499039,116.32518029617987,4.650941351110648,-402.3294065216078,-46.79461201111276,-0.062455769846157715,0.002024161218399634
2026-08-17T02:34:00.499039,116.93023488689931,4.304509487176851,-403.2650959630572,-46.75295151720316,-0.06244606540330532,0.0020405439863277882
2026-08-17T02:34:15.499039,117.51841197023266,3.932412264954629,-404.2027025015159,-46.733686969886605,-0.06244202832394782,0.002067011007945929
2026-08-17T02:34:30.499039,118.10658905356598,3.560315042732407,-405.1397465677568,-46.70622258869474,-0.06243563015008059,0.0020900762229950705
2026-08-17T02:34:45.499039,118.6947661368993,3.1882178205101845,-406.07591322942756,-46.67061932596474,-0.06242706113733618,0.002109623503846751
2026-08-17T02:35:00.499039,119.28234714587153,2.8152819355240735,-407.0110035778299,-46.62796933589747,-0.06241679986167317,0.0021260421966916945
2026-08-17T02:35:15.499039,119.8526075625382,2.4179763799685183,-407.9483635316276,-46.60709612155223,-0.062412480474072635,0.0021533904534190166
2026-08-17T02:35:30.499039,120.42286797920485,2.0206708244129628,-408.88501459661006,-46.578236128488804,-0.06240567609758614,0.00217705800393239
2026-08-17T02:35:45.499039,120.99312839587152,1.6233652688574072,-409.820653858088,-46.54145719065115,-0.06239659572728063,0.002196933064169097
2026-08-17T02:36:00.499039,121.56278338119583,1.2252663337064817,-410.755111946458,-46.497826453600155,-0.06238575286898064,0.002213452279487053
2026-08-17T02:36:15.499039,122.11484588119583,0.8041135559287039,-411.6922001584047,-46.47528011547632,-0.06238127793327806,0.002241883510384746
2026-08-17T02:36:30.499039,122.66690838119584,0.3829607781509259,-412.628427699467,-46.444975628222856,-0.062374266785938444,0.002266404042825935
2026-08-17T02:36:45.499039,123.21897088119583,-0.038191999626851936,-413.56350471670123,-46.40698735826445,-0.06236494383136536,0.002286909194836599
2026-08-17T02:37:00.499039,123.77042413775,-0.46009402901435187,-414.4972939221076,-46.36235506235902,-0.06235383225149841,0.0023038678988560454
2026-08-17T02:37:15.499039,124.30417413775001,-0.9037676401254631,-415.43411688362096,-46.33807010030606,-0.0623489544641681,0.00233325947004707
2026-08-17T02:37:30.499039,124.83792413775,-1.347441251236574,-416.36992661092256,-46.30626764334969,-0.062341567195772996,0.0023585594425738895
2026-08-17T02:37:45.499039,125.37167413774999,-1.7911148623476851,-417.30444711785196,-46.26702808727076,-0.062331906736708714,0.0023796727766055644
2026-08-17T02:38:00.499039,125.90481385463958,-2.2354940591560184,-418.2375718166378,-46.22136230573743,-0.062320491063767726,0.00239710008340109
2026-08-17T02:38:15.499039,126.42022010463958,-2.7003760036004634,-419.1740746941049,-46.195288979070675,-0.0623149160888147,0.0024274458924063323
2026-08-17T02:38:30.499039,126.93562635463958,-3.1652579480449075,-420.1094157629599,-46.16194849511399,-0.062306923112972375,0.002453571625192789
2026-08-17T02:38:45.499039,127.45103260463958,-3.6301398924893515,-421.0433335251063,-46.121426625071784,-0.062296756646679795,0.0024753938576457914
2026-08-17T02:39:00.499039,127.9658316905229,-4.095685142937963,-421.9757528497596,-46.07470305235089,-0.062284934401564365,0.002493437055447482
2026-08-17T02:39:15.499039,128.46298794052294,-4.580504587382408,-422.9119068142787,-46.0467765932173,-0.06227890301673066,0.002524695764250732
2026-08-17T02:39:30.499039,128.96014419052293,-5.065324031826852,-423.84675738447936,-46.01183904832656,-0.062270599440838244,0.002551669361645577
2026-08-17T02:39:45.499039,129.4573004405229,-5.5501434762712964,-424.7800579154534,-45.969980824353264,-0.06226027224418355,0.002574287401326162
2026-08-17T02:40:00.499039,129.95385472472915,-6.035586026356018,-425.7117639448255,-45.92214985908373,-0.06224841786618261,0.002593091676304127
2026-08-17T02:40:15.499039,130.43291722472918,-6.53913463746713,-426.64754305611245,-45.89232548736059,-0.062241787825872544,0.0026251780277756136
2026-08-17T02:40:30.499039,130.91197972472915,-7.042683248578241,-427.5818876958605,-45.85574817171652,-0.062233076525285466,0.0026529723478581364
2026-08-17T02:40:45.499039,131.39104222472915,-7.546231859689352,-428.5145661944083,-45.812512136912645,-0.062222532854010144,0.002676418148206968
2026-08-17T02:41:00.499039,131.86950969003263,-8.050364531259723,-429.4455629937015,-45.763532051194396,-0.062210620117444174,0.002696066848158729
2026-08-17T02:41:15.499039,132.33068677336598,-8.571468697926392,-430.3809213533834,-45.73175522988423,-0.062203163965770615,0.002728873165572369
2026-08-17T02:41:30.499039,132.7918638566993,-9.092572864593055,-431.3147265675135,-45.69348236658358,-0.06219385219026492,0.002757437581319048
2026-08-17T02:41:45.499039,133.2530409400326,-9.613677031259723,-432.24676185793464,-45.64881064656843,-0.06218293051349803,0.002781718173422476
2026-08-17T02:42:00.499039,133.71363026632153,-10.135328292533796,-433.1770383589188,-45.598621837304684,-0.062170825602004244,0.002802263610436088
2026-08-17T02:42:15.499039,134.1571406829882,-10.672876903644909,-434.1119227320049,-45.5648607074919,-0.06216250738832514,0.0028355937526542974
2026-08-17T02:42:30.499039,134.60065109965484,-11.210425514756018,-435.04514995869226,-45.524855661958235,-0.06215258572099363,0.0028647914874021887
2026-08-17T02:42:45.499039,135.0441615163215,-11.74797412586713,-435.9765178560282,-45.47870595610195,-0.06214129972259173,0.002889829677187509
2026-08-17T02:43:00.499039,135.48709180015067,-12.286034714026389,-436.906062065942,-45.427260417942065,-0.062129043683715204,0.002911254264928035
2026-08-17T02:43:15.499039,135.9131647168174,-12.838972214026391,-437.84042223998244,-45.39148397956571,-0.062120103474613116,0.002945114857251596
2026-08-17T02:43:30.499039,136.33923763348403,-13.39190971402639,-438.77303685403274,-45.34970738809532,-0.062109821413737144,0.0029750138888652226
2026-08-17T02:43:45.499039,136.7653105501507,-13.944847214026389,-439.70371782464554,-45.30203108530593,-0.062098426780903535,0.003000938711506684
2026-08-17T02:44:00.499039,137.1908109581868,-14.49826388388102,-440.63252360096453,-45.24927132551332,-0.06208627122730188,0.003023420148741233
2026-08-17T02:44:15.499039,137.59967554152016,-15.065604161658799,-441.5663351489585,-45.21144692462171,-0.062076756381108565,0.003057698383784372
2026-08-17T02:44:30.499039,138.00854012485348,-15.632944439436574,-442.4983285283406,-45.16785399529441,-0.06206616622136399,0.0030882440017471423
2026-08-17T02:44:45.499039,138.4174047081868,-16.200284717214352,-443.4283290697366,-45.118593310721145,-0.06205471732384922,0.0031150584503639206
2026-08-17T02:45:00.499039,138.82570267432223,-16.76807297490926,-444.35641461321825,-45.06445000009312,-0.06204270986398133,0.0031386422495907357
2026-08-17T02:45:15.499039,139.21753600765558,-17.348878530464816,-445.2896330057156,-45.02456017351159,-0.06203249285812547,0.0031730130580716795
2026-08-17T02:45:30.499039,139.6093693409889,-17.929684086020373,-446.2209768005964,-44.97911810788566,-0.062021471262609866,0.003203937120651664
2026-08-17T02:45:45.499039,140.00120267432223,-18.510489641575926,-447.15028390350756,-44.92822407126226,-0.06200984630718835,0.0032314295788894516
2026-08-17T02:46:00.499039,140.39247285600624,-19.091714066440275,-448.0776487846423,-44.87263425556243,-0.06199787131518804,0.0032559568766269346
2026-08-17T02:46:15.499039,140.76737910600627,-19.68510989977361,-449.01023429193356,-44.83068535765311,-0.0619870399736044,0.0032902232650076375
2026-08-17T02:46:30.499039,141.14228535600625,-20.278505733106943,-449.9409050798538,-44.78338154081621,-0.061975667374770185,0.0033213893307142564
2026-08-17T02:46:45.499039,141.51719160600624,-20.87190156644028,-450.8695106265991,-44.73082176125441,-0.061963936861513955,0.003349483267811178
2026-08-17T02:47:00.499039,141.89153574402152,-21.46568877573009,-451.7961591710408,-44.673735174897885,-0.061952060596355336,0.003374934455602071
2026-08-17T02:47:15.499039,142.24954616068823,-22.070848497952316,-452.728077802548,-44.62973338171067,-0.06194090114509739,0.003409072612734635
2026-08-17T02:47:30.499039,142.60755657735487,-22.676008220174538,-453.65805688556884,-44.58055138819995,-0.061929444304909494,0.0034405212225315416
2026-08-17T02:47:45.499039,142.96556699402151,-23.28116794239676,-454.58595632688923,-44.526286079124915,-0.06191785308546969,0.003469320633932149
2026-08-17T02:48:00.499039,143.3230132193743,-23.886693626552315,-455.51189605620493,-44.46764212089018,-0.06190629085830608,0.003495841900026934
2026-08-17T02:48:15.499039,143.66406530270766,-24.502853348774543,-456.44314242934524,-44.42159664412495,-0.061894845424850096,0.0035294735465859262
2026-08-17T02:48:30.499039,144.00511738604098,-25.119013070996758,-457.37243839644293,-44.37051899411242,-0.06188333267463311,0.003560895747317912
2026-08-17T02:48:45.499039,144.3461694693743,-25.735172793218982,-458.29965299685557,-44.31450328518255,-0.06187189271246136,0.0035901603397472687
2026-08-17T02:49:00.499039,144.6866493906319,-26.35167421853426,-459.22491407403743,-44.25423414689465,-0.061860642703270706,0.0036175701346524035
2026-08-17T02:49:15.499039,145.01050355729862,-26.978104774089818,-460.15545925353,-44.20619655612036,-0.06184903663713328,0.0036503192324632986
2026-08-17T02:49:30.499039,145.3343577239653,-27.604535329645373,-461.0840568065247,-44.1532438985218,-0.061837573339490366,0.003681417672966288
2026-08-17T02:49:45.499039,145.65821189063195,-28.230965885200927,-462.0105834523847,-44.09546683835524,-0.06182636723272594,0.0037109280948677418
2026-08-17T02:50:00.499039,145.98148072613822,-28.857715733301852,-462.9351731805974,-44.033533704731894,-0.061815494577263055,0.0037390834143654554
2026-08-17T02:50:15.499039,146.28774114280486,-29.493743511079632,-463.86502682580124,-43.98355833622936,-0.061804004797605214,0.0037708993221722054
2026-08-17T02:50:30.499039,146.59400155947154,-30.129771288857405,-464.7929471971818,-43.92874887335647,-0.06179283149398221,0.003801712600932265
2026-08-17T02:50:45.499039,146.9002619761382,-30.765799066635186,-465.7188170647827,-43.869191913798424,-0.06178206040962285,0.0038315957177356215
2026-08-17T02:51:00.499039,147.2059169614625,-31.40212441952037,-466.642773423309,-43.8055441371708,-0.0617717251753182,0.003860687165456689
