utc_time,az_cmd_deg,el_cmd_deg,az_astropy_deg,el_astropy_deg,az_diff_deg,el_diff_deg,separation_deg
2026-08-17T00:37:41.994363,28.593646470054946,-54.56790303457265,27.9774592297478,-54.60769917853484,0.6161872403071413,0.039796143962185226,0.35926235400756446
2026-08-17T00:37:56.994363,27.63715738781751,-54.426307769725376,27.022042714068597,-54.462202099628456,0.6151146737489057,0.035894329903079836,0.3594813033881452
2026-08-17T00:38:11.994363,26.67590028436076,-54.29467290421157,26.061815689427444,-54.32663855007542,0.6140845949333311,0.03196564586384909,0.3596730310156137
2026-08-17T00:38:26.994363,25.718223864069216,-54.159563407643496,25.10529829144909,-54.18761148200803,0.6129255726201279,0.02804807436453416,0.3598582240330045
2026-08-17T00:38:41.994363,24.7673336170551,-54.01657747546248,24.155749235524702,-54.04073406961677,0.6115843815304061,0.024156594154284505,0.3600429321273115
2026-08-17T00:38:56.994363,23.82355150448701,-53.86578271185424,23.213484558231194,-53.8860764441259,0.610066946255813,0.020293732271660758,0.36022724010232915
2026-08-17T00:39:11.994363,22.874042785910838,-53.7256351277914,22.265437977760932,-53.74203907644034,0.6086048081498916,0.0164039486489429,0.3603847567680197
2026-08-17T00:39:26.994363,21.928118559025922,-53.58218383266845,21.32109187625023,-53.59471330086021,0.6070266827756825,0.012529468191758042,0.3605362798519087
2026-08-17T00:39:41.994363,20.989294030764132,-53.43086576223156,20.384013940335848,-53.439552327003376,0.6052800904282947,0.008686564771814176,0.36068789975860777
2026-08-17T00:39:56.994363,20.05787282604252,-53.27175616906663,19.454501355746352,-53.27663371345372,0.6033714702961674,0.004877544387092314,0.3608397034407051
2026-08-17T00:40:11.994363,19.119740804859415,-53.12396287033404,18.518211362663198,-53.125004156443744,0.6015294421962096,0.0010412861097037762,0.36096529693262114
2026-08-17T00:40:26.994363,18.185137942936677,-52.97303304415011,17.585553872385002,-52.9702569249292,0.5995840705516855,-0.0027761192209041496,0.3610852556156236
2026-08-17T00:40:41.994363,17.25787868548689,-52.81424619548154,16.660394357860913,-52.80768903742599,0.5974843276259776,-0.006557158055549905,0.36120587195493536
2026-08-17T00:40:56.994363,16.338249074232095,-52.6476843733749,15.743012069674098,-52.63738462220608,0.5952370045579869,-0.01029975116882298,0.3613272360367408
2026-08-17T00:41:11.994363,15.410942712477784,-52.49311114516073,14.817877372373315,-52.47904108021373,0.5930653401044594,-0.014070064946999139,0.3614225910776818
2026-08-17T00:41:26.994363,14.487063541657063,-52.335568644129516,13.89626035842748,-52.317750242865436,0.5908031832295819,-0.017818401264079853,0.36151295373482817
2026-08-17T00:41:41.994363,13.570703669193907,-52.17017714370155,12.982302924805175,-52.14865087830518,0.5884007443887356,-0.021526265396367705,0.36160450647579173
2026-08-17T00:41:56.994363,12.662132621359607,-51.997024608800885,12.076267594006655,-51.97183280495986,0.585865027352952,-0.025191803841025262,0.3616973451360728
2026-08-17T00:42:11.994363,11.744956784422714,-51.836519310309875,11.161544407735807,-51.807633881343115,0.5834123766869084,-0.02888542896675972,0.361764479974233
2026-08-17T00:42:26.994363,10.831065239321969,-51.67320683897355,10.250184051750567,-51.64065236566707,0.580881187571407,-0.032554473306475984,0.36182706038498486
2026-08-17T00:42:41.994363,9.924803024421976,-51.50205000467188,9.346579533499243,-51.46587041264751,0.5782234909227384,-0.036179592024367935,0.36189132910837446
2026-08-17T00:42:56.994363,9.026424439815544,-51.323141792809544,8.45097805548113,-51.28338264123945,0.5754463843344126,-0.03975915157009524,0.36195738924626586
2026-08-17T00:43:11.994363,8.118580252736553,-51.15754025815832,7.545822201737895,-51.11417334063877,0.5727580509986581,-0.04336691751954902,0.36199795518255506
2026-08-17T00:43:26.994363,7.213845228453998,-50.98929121956782,6.64384285378323,-50.942343318121154,0.5700023746707643,-0.046947901446664275,0.36203434582488153
2026-08-17T00:43:41.994363,6.31678570002033,-50.813197830947146,5.7496522826142815,-50.762715709882166,0.5671334174060405,-0.050482121064980845,0.36207288125266407
2026-08-17T00:43:56.994363,5.427642202236041,-50.629357178990254,4.863483928157169,-50.575389026170136,0.5641582740788635,-0.053968152820118576,0.3621136740888587
2026-08-17T00:44:11.994363,4.5282068151965404,-50.45947178739856,3.9669309727700544,-50.401989439169306,0.5612758424264825,-0.05748234822925724,0.3621290688925147
2026-08-17T00:44:26.994363,3.631667555537917,-50.28709150400476,3.0733312158325936,-50.226123558747524,0.5583363397053347,-0.060967945257239364,0.36214059856766256
2026-08-17T00:44:41.994363,2.742789414283875,-50.10686015624533,2.1874933567668027,-50.04245565541546,0.5552960575170687,-0.06440450082987326,0.3621546805126226
2026-08-17T00:44:56.994363,1.8618007890835448,-49.918878022704405,1.3096387759227346,-49.85108723459675,0.552162013160796,-0.06779078810765782,0.36217143929722445
2026-08-17T00:45:11.994363,0.9698200889786737,-49.74549966490426,0.42069688038267944,-49.674295047004016,0.5491232085960007,-0.0712046179002428,0.3621627551751803
2026-08-17T00:45:26.994363,0.0805090531788899,-49.56977484265178,359.5344723577106,-49.49518656420216,0.546036695468274,-0.07458827844962457,0.3621504335699386
2026-08-17T00:45:41.994363,359.1987865748551,-49.38618535022798,358.6559254851897,-49.3082642191427,0.5428610896653936,-0.07792113108528298,0.3621410152009707
2026-08-17T00:45:56.994363,358.32487058498526,-49.19483374931546,357.785267311879,-49.113631618840834,0.5396032731062519,-0.08120213047462244,0.3621346387851282
2026-08-17T00:46:11.994363,357.43929755488455,-49.01873380983122,356.90285572135315,-48.93422400037064,0.5364418335313985,-0.0845098094605774,0.36210258652756133
2026-08-17T00:46:26.994363,356.55613482624756,-48.84042961518019,356.0228937539857,-48.75264358665994,0.5332410722618306,-0.08778602852024875,0.3620670260505345
2026-08-17T00:46:41.994363,355.6804341121323,-48.65423817381691,355.1504720982944,-48.5632280559658,0.52996201383786,-0.09101011785110558,0.36203465471658647
2026-08-17T00:46:56.994363,354.81240466955546,-48.4602634815505,354.2857933023727,-48.366082284912714,0.5266113671827384,-0.09418119663778413,0.3620056290576775
2026-08-17T00:47:11.994363,353.9321926997177,-48.28219091515609,353.4088354988392,-48.18481350090103,0.523357200878479,-0.09737741425506385,0.3619504915669373
2026-08-17T00:47:26.994363,353.0541277320094,-48.10205159826099,352.53405652398425,-48.00151058952266,0.5200712080251719,-0.1005410087383325,0.3618918652782759
2026-08-17T00:47:41.994363,352.1833481276854,-47.913994006421895,351.6666313015418,-47.81034247037565,0.516716826143579,-0.10365153604624311,0.3618366421049041
2026-08-17T00:47:56.994363,351.3200562259905,-47.71812278807144,350.80675566114746,-47.61141452552929,0.513300564843064,-0.10670826254214916,0.3617849987581725
2026-08-17T00:48:11.994363,350.44411564918556,-47.538810201519524,349.93413575481344,-47.42902198883951,0.5099798943721225,-0.10978821268001582,0.36170654946483133
2026-08-17T00:48:26.994363,349.5700391569147,-47.3575636388489,349.06340515130273,-47.24472911350034,0.5066340056119429,-0.11283452534856053,0.36162450206657043
2026-08-17T00:48:41.994363,348.7030268231993,-47.16835855744148,348.1997980655558,-47.052531410797144,0.5032287576435124,-0.11582714664433524,0.361545991841416
2026-08-17T00:48:56.994363,347.8432758409474,-46.97129961170252,347.34350539269116,-46.8525341390579,0.4997704482562426,-0.11876547264461834,0.3614712185270735
2026-08-17T00:49:11.994363,346.9705226274403,-46.79145389366189,346.4741165959782,-46.669729367369456,0.4964060314620724,-0.12172452629243224,0.3613686745495561
2026-08-17T00:49:26.994363,346.0993493192925,-46.6098012791765,345.60632711524016,-46.48515230514336,0.49302220405235175,-0.12464897403314268,0.36126228543439326
2026-08-17T00:49:41.994363,345.2349808202504,-46.42014189973171,344.7453935919789,-46.29262254830774,0.4895872282715459,-0.1275193514239703,0.36115947971941537
2026-08-17T00:49:56.994363,344.3776108354981,-46.22257994034451,343.8915036483755,-46.09224477257007,0.48610718712262724,-0.1303351677744402,0.36106048292792525
2026-08-17T00:50:11.994363,343.5069591259179,-46.04288609316111,343.02424052190736,-45.90971730834701,0.4827186040105289,-0.1331687848140959,0.3609324346139528
2026-08-17T00:50:26.994363,342.6375981168746,-45.86150808663527,342.15828243619615,-45.7255412301665,0.47931568067843955,-0.1359668564687695,0.36080013921314474
2026-08-17T00:50:41.994363,341.7747518960168,-45.67206841823239,341.2988828232896,-45.53335776428058,0.475869072727221,-0.13871065395181148,0.3606713786184072
2026-08-17T00:50:56.994363,340.9186122041607,-45.47467055177057,340.44622755155785,-45.333270767099116,0.472384652602841,-0.14139978467145653,0.3605464062927581
2026-08-17T00:51:11.994363,340.04901386582407,-45.295800245200084,339.58002490880546,-45.151696921069735,0.46898895701860965,-0.14410332413034865,0.36039092349181134
2026-08-17T00:51:26.994363,339.1804247526421,-45.1153676082451,338.71484159954474,-44.96859731607574,0.4655831530973842,-0.14677029216936432,0.3602304635274852
2026-08-17T00:51:41.994363,338.3180372793744,-44.92681497448893,337.8558968076218,-44.77743207903328,0.46214047175260475,-0.14938289545564487,0.36007338608893075
2026-08-17T00:51:56.994363,337.46204251660953,-44.73024507823999,337.00337593107844,-44.57830425140037,0.4586665855310912,-0.1519408268396205,0.35991997582794066
2026-08-17T00:52:11.994363,336.5924497332344,-44.55285079058538,336.13717217852087,-44.39834139740269,0.4552775547135184,-0.15450939318269263,0.35973389506770326
2026-08-17T00:52:26.994363,335.7235841658323,-44.37401321639979,335.27170166471905,-44.21697279075626,0.45188250111323214,-0.1570404256435296,0.35954225332786516
2026-08-17T00:52:41.994363,334.860592931719,-44.18699691015897,334.4121361144018,-44.02747985811835,0.4484568173172079,-0.15951705204061994,0.35935373288992595
2026-08-17T00:52:56.994363,334.00366747248313,-43.99190415474791,333.5586614842606,-43.829965114587026,0.44500598822253323,-0.16193904016088112,0.3591686511881474
2026-08-17T00:53:11.994363,333.1330759348528,-43.81660549683433,332.6914401817666,-43.65223793346888,0.44163575308618874,-0.16436756336544533,0.3589485355579822
2026-08-17T00:53:26.994363,332.262943892769,-43.639978938849815,331.82468102377015,-43.47322149214538,0.4382628689988337,-0.16675744670443748,0.3587219316977675
2026-08-17T00:53:41.994363,331.39835380498465,-43.45511965840022,330.9634886522359,-43.286026778369354,0.4348651527487277,-0.16909288003086687,0.35849807294878866
2026-08-17T00:53:56.994363,330.53949815932475,-43.26213004226154,330.1080502446752,-43.09075634354128,0.4314479146495387,-0.17137369872025943,0.35827731109778893
2026-08-17T00:54:11.994363,329.6669602293686,-43.089544125119225,329.23885366766774,-42.91588745926744,0.42810656170087213,-0.1736566658517873,0.3580187418495187
2026-08-17T00:54:26.994363,328.7946293950696,-42.91575150300597,328.36986384168733,-42.73985171887048,0.4247655533822581,-0.17589978413548835,0.3577525619016658
2026-08-17T00:54:41.994363,327.92751039351697,-42.73368277407381,327.5061052408785,-42.5555944062191,0.42140515263844236,-0.17808836785471271,0.3574886302634232
2026-08-17T00:54:56.994363,327.06579706938334,-42.54344121697762,326.6477665629051,-42.363218901544116,0.4180305064782601,-0.18022231543350387,0.3572273342009453
2026-08-17T00:55:11.994363,326.1904054499635,-42.374151472612255,325.77567914645385,-42.191797627059486,0.4147263035096671,-0.18235384555276823,0.35692508054071137
2026-08-17T00:55:26.994363,325.3149827708753,-42.20377310454508,324.9035577115259,-42.01932889095758,0.4114250593494262,-0.18444421358749707,0.35661390545927796
2026-08-17T00:55:41.994363,324.44445242598266,-42.0250918382973,324.03634282790415,-41.838611949859526,0.40810959807851077,-0.1864798884377734,0.3563043591284945
2026-08-17T00:55:56.994363,323.5790095247832,-41.83821284319523,323.1742246135124,-41.649752013441294,0.40478491127078087,-0.18846082975393585,0.35599686438623274
2026-08-17T00:56:11.994363,322.6999080866947,-41.672795024633224,322.2983833869591,-41.48236038718374,0.401524699735603,-0.19043463744948497,0.3556448583536012
2026-08-17T00:56:26.994363,321.8205546392543,-41.506413906710506,321.42228485689105,-41.314048045337664,0.3982697823632293,-0.19236586137284206,0.35528242523618736
2026-08-17T00:56:41.994363,320.94579010906176,-41.33172604653414,320.5507844888094,-41.1374839037378,0.3950056202523342,-0.194242142796341,0.35492087465957245
2026-08-17T00:56:56.994363,320.0758104194069,-41.148839617461796,319.6840733646961,-40.952776113730636,0.3917370547108021,-0.19606350373116044,0.35456066594499397
2026-08-17T00:57:11.994363,319.19225173142104,-40.98784398287589,318.8037252110923,-40.789971199155744,0.3885265203287531,-0.19787278372014327,0.35415207754834505
2026-08-17T00:57:26.994363,318.3082521539204,-40.82601290988433,317.92292875794925,-40.62637498002269,0.38532339597117016,-0.19963792986163753,0.35373138489252887
2026-08-17T00:57:41.994363,317.42855885107116,-40.655901510708915,317.0464429955313,-40.45455371527442,0.38211585553983696,-0.20134779543449355,0.35331070500977124
2026-08-17T00:57:56.994363,316.5533677101066,-40.47762209512875,316.1744591223127,-40.274619627823135,0.37890858779388736,-0.2030024673056161,0.35289053260895115
2026-08-17T00:58:11.994363,315.6646579246601,-40.32158038085595,315.2889056174469,-40.11694028614335,0.3757523072131903,-0.2046400947126017,0.3524177792641985
2026-08-17T00:58:26.994363,314.7753328407142,-40.164836167329,314.4027275219954,-39.95860420184829,0.3726053187187972,-0.2062319654807112,0.35193107215022573
2026-08-17T00:58:41.994363,313.89005502584087,-39.999873136616245,313.5205964056095,-39.7921050041911,0.3694586202313417,-0.20776813242514436,0.3514433874391109
2026-08-17T00:58:56.994363,313.00901923707397,-39.82680881017368,312.64270249530546,-39.617560059117146,0.3663167417685145,-0.20924875105653484,0.3509552540763463
2026-08-17T00:59:11.994363,312.1145479475091,-39.676244573558584,311.7513295006547,-39.465537298040694,0.36321844685437554,-0.21070727551789048,0.35041007341619385
2026-08-17T00:59:26.994363,311.2193122165291,-39.52511904078042,310.8591810618433,-39.313000693598624,0.3601311546858028,-0.2121183471817929,0.34984893991509114
2026-08-17T00:59:41.994363,310.3278889050136,-39.36587597553002,309.97084016887504,-39.15240274867554,0.3570487361385517,-0.21347322685447523,0.34928572439016575
2026-08-17T00:59:56.994363,309.44047035040523,-39.198639014858635,309.08649479877886,-38.983866871997726,0.3539755516263767,-0.21477214286090884,0.3487209884487744
2026-08-17T01:00:11.994363,308.53973451484507,-39.05403896670337,308.18879628074905,-38.83799511833123,0.3509382340960201,-0.21604384837213786,0.34809459703672124
2026-08-17T01:00:26.994363,307.63811348349793,-38.90901932428045,307.29020001692163,-38.69175296632759,0.3479134665763013,-0.21726635795285887,0.3474501459182549
2026-08-17T01:00:41.994363,306.7400941203038,-38.75602652381436,306.3951960949085,-38.53759437320031,0.34489802539530956,-0.2184321506140563,0.3468024081265064
2026-08-17T01:00:56.994363,305.84586491957185,-38.595190977830974,305.5039688333993,-38.375649446598224,0.3418960861725395,-0.21954153123274978,0.3461519755446072
2026-08-17T01:01:11.994363,304.93847330958533,-38.457040932140586,304.59955107500804,-38.2364223567396,0.3389222345772964,-0.22061857540098373,0.3454351624771618
2026-08-17T01:01:26.994363,304.03010188547836,-38.318623940228946,303.69413953881656,-38.09697926322656,0.3359623466618018,-0.22164467700238788,0.344698093990351
2026-08-17T01:01:41.994363,303.12514247479294,-38.17242264555094,302.79212641231175,-37.94980911134805,0.3330160624811924,-0.22261353420288543,0.34395644729359737
2026-08-17T01:01:56.994363,302.2237783114302,-38.01857456786139,301.89369095476536,-37.79504903581321,0.33008735666481925,-0.22352553204818548,0.3432108433982895
2026-08-17T01:02:11.994363,301.3094344785827,-37.88732343575724,300.98225558986036,-37.662923309664556,0.3271788887223579,-0.22440012609268223,0.3423941667267085
2026-08-17T01:02:26.994363,300.39403836700757,-37.755955966231916,300.06975273164755,-37.53073389687879,0.3242856353600132,-0.22522206935312283,0.3415550047627531
2026-08-17T01:02:41.994363,299.48188329446987,-37.61703654273779,299.160473242927,-37.3910502703677,0.3214100515428413,-0.2259862723700934,0.34070991085400587
2026-08-17T01:02:56.994363,298.5731458887921,-37.470709784247504,298.2545899959563,-37.244016582436046,0.31855589283583186,-0.22669320181145736,0.33985953270426755
2026-08-17T01:03:11.994363,297.6516873927326,-37.34680738237468,297.33597295484384,-37.11944964172667,0.31571443788874376,-0.22735774064801006,0.3389334962270204
2026-08-17T01:03:26.994363,296.7291340473811,-37.22294914733516,296.41624471396915,-36.994981148232924,0.31288933341193115,-0.22796799910223342,0.33798274839194165
2026-08-17T01:03:41.994363,295.80966444182104,-37.09181263426623,295.49957875069214,-36.86329253972083,0.3100856911289043,-0.22852009454540223,0.3370246776097415
2026-08-17T01:03:56.994363,294.89344740720395,-36.95354915305436,294.58614037664665,-36.72453457787691,0.3073070305572969,-0.22901457517745172,0.3360599565625768
2026-08-17T01:04:11.994363,293.9648075036087,-36.837402515116814,293.66027371774084,-36.60794063604609,0.30453378586787494,-0.22946187907072613,0.335015254273238
2026-08-17T01:04:26.994363,293.03504849219274,-36.72145386217777,292.733270626525,-36.49160045664881,0.3017778656677592,-0.2298534055289565,0.333943684163306
2026-08-17T01:04:41.994363,292.10822620894396,-36.59853687827717,291.8091793222449,-36.36835042749423,0.29904688669904544,-0.23018645078294497,0.3328633975600081
2026-08-17T01:04:56.994363,291.18450070669724,-36.46880881482606,290.88815658855134,-36.23834717198088,0.2963441181458961,-0.2304616428451851,0.33177509099822927
2026-08-17T01:05:11.994363,290.24873590669654,-36.36080775708195,289.95509586033216,-36.130122624088045,0.2936400463643736,-0.23068513299390503,0.3306028383372035
2026-08-17T01:05:26.994363,289.3118532913717,-36.25316073421697,289.02089914093744,-36.0223092087515,0.29095415043423145,-0.23085152546546794,0.3294016823939676
2026-08-17T01:05:41.994363,288.3777657200689,-36.138885579532335,288.08946940819465,-35.90792632131335,0.2882963118742623,-0.23095925821898788,0.3281904508366988
2026-08-17T01:05:56.994363,287.4466237325185,-36.01814438233872,287.16095419285244,-35.787135346065604,0.2856695396660598,-0.23100903627311453,0.32696986463863154
2026-08-17T01:06:11.994363,286.50393080306696,-35.91864986519626,286.22089524224816,-35.687646764891696,0.2830355608188029,-0.23100310030456228,0.32566207176321643
2026-08-17T01:06:26.994363,285.5601483372462,-35.81966007514805,285.27972795758683,-35.58872123749167,0.28042037965934696,-0.23093883765638168,0.32432337659726523
2026-08-17T01:06:41.994363,284.6190203782114,-35.71440523573377,284.3411843994966,-35.483589325367255,0.2778359787147906,-0.23081591036651616,0.32297332787396155
2026-08-17T01:06:56.994363,283.6806874622753,-35.6030508597013,283.4054023625851,-35.37241576593413,0.2752850996901657,-0.2306350937671695,0.3216126699210152
2026-08-17T01:07:11.994363,282.7313618265907,-35.51240020089867,282.458640261715,-35.28200543359322,0.27272156487572374,-0.23039476730544806,0.3201617886123069
2026-08-17T01:07:26.994363,281.7809903108996,-35.42240011241271,281.5108127706581,-35.19230467042729,0.270177540241491,-0.2300954419854193,0.3186785772353278
2026-08-17T01:07:41.994363,280.8331299024594,-35.326511615247355,280.5654632966462,-35.09677397418588,0.26766660581319,-0.22973764106147598,0.3171828616440078
2026-08-17T01:07:56.994363,279.88791093030153,-35.224901996025956,279.6227196932315,-34.995579791484936,0.26519123707004155,-0.22932220454102037,0.31567541264912047
2026-08-17T01:08:11.994363,278.93235818588425,-35.14338095468442,278.6696594819848,-34.914536746384314,0.2626987038994457,-0.228844208300103,0.3140756662405404
2026-08-17T01:08:26.994363,277.9758236621518,-35.06264147652624,277.71559748242896,-34.83433475332237,0.26022617972284934,-0.2283067232038647,0.3124423340548622
2026-08-17T01:08:41.994363,277.02165114406415,-34.97639411537829,276.7638624931979,-34.748682948446906,0.2577886508662459,-0.22771116693138538,0.31079553106648206
2026-08-17T01:08:56.994363,276.06996078876955,-34.884806106610505,275.8145724557635,-34.65774766963083,0.2553883330060671,-0.2270584369796751,0.3091360584473885
2026-08-17T01:09:11.994363,275.10869381804866,-34.81268170887536,274.85572665935763,-34.58634088695171,0.25296715869103537,-0.22634082192364957,0.30738299102770467
2026-08-17T01:09:26.994363,274.1465261459398,-34.74146295241159,273.89595975181066,-34.515899362190176,0.2505663941291232,-0.22556359022141237,0.3055954572791161
2026-08-17T01:09:41.994363,273.18656220380683,-34.66511018207959,272.9383600654799,-34.44038126030255,0.24820213832691707,-0.22472892177703585,0.3037937257978078
2026-08-17T01:09:56.994363,272.22891226505897,-34.583788620131166,271.9830359049606,-34.359950856365856,0.24587636009835023,-0.22383776376531017,0.3019786339659238
2026-08-17T01:10:11.994363,271.2625363638862,-34.521271221666176,271.0190095113475,-34.2983909978902,0.24352685253870732,-0.22288022377597372,0.3000695921293065
2026-08-17T01:10:26.994363,270.2953554289851,-34.45976235213506,270.05415733782337,-34.23789901864367,0.24119809116172064,-0.22186333349139176,0.2981256664278836
2026-08-17T01:10:41.994363,269.3302091332665,-34.393475833489894,269.0913021258529,-34.17268595300259,0.2389070074136157,-0.22078988048730253,0.29616712023613856
2026-08-17T01:10:56.994363,268.3671983644249,-34.322572869241775,268.13054302251123,-34.10291201594466,0.23665534191366078,-0.21966085329711404,0.2941948347831016
2026-08-17T01:11:11.994363,267.39638907328055,-34.269849175794484,267.16201133261865,-34.05138432376797,0.23437774066189832,-0.21846485202651422,0.2921290920297987
2026-08-17T01:11:26.994363,266.4248787075767,-34.21822427000152,266.19275755371,-34.00101409014436,0.23212115386667165,-0.21721017985716173,0.29002853145529806
2026-08-17T01:11:41.994363,265.45522073295206,-34.162149017428064,265.22531761171086,-33.946248960136764,0.22990312124119328,-0.21590005729130013,0.28791329212415634
2026-08-17T01:11:56.994363,264.48750737653256,-34.10177858627125,264.25978219579747,-33.88724307909499,0.22772518073509218,-0.21453550717625802,0.2857843108443391
2026-08-17T01:12:11.994363,263.51301111460083,-34.05895389360847,263.2874912962068,-33.84584951311551,0.2255198183940479,-0.21310438049295755,0.28356342674656854
2026-08-17T01:12:26.994363,262.5379288884259,-34.01728658239417,262.31459313942725,-33.80567088861577,0.22333574899863606,-0.2116156937783984,0.2813083808593903
2026-08-17T01:12:41.994363,261.56450349879543,-33.9714561707487,261.34331259197785,-33.76138326347548,0.2211909068175828,-0.21007290727322214,0.2790390380617867
2026-08-17T01:12:56.994363,260.5928194101293,-33.921609850304186,260.3737327534796,-33.713132779832655,0.21908665664972204,-0.20847707047153108,0.27675640445498634
2026-08-17T01:13:11.994363,259.6154422389392,-33.88877651515589,259.3984883408463,-33.68196042814737,0.2169538980928678,-0.2068160870085194,0.2743842333046847
2026-08-17T01:13:26.994363,258.6375998389479,-33.857145602662975,258.4227571427528,-33.65204651663003,0.21484269619509178,-0.2050990860329449,0.2719791317755848
2026-08-17T01:13:41.994363,257.6612034033458,-33.82158666545886,257.44843213018186,-33.61825710332439,0.21277127316392352,-0.20332956213447062,0.2695606254182349
2026-08-17T01:13:56.994363,256.6863307598727,-33.78223703307337,256.4755899044333,-33.58072844823193,0.2107408554393828,-0.20150858484144152,0.2671298081856061
2026-08-17T01:14:11.994363,255.70688872054274,-33.759417644372476,255.4982075692402,-33.5597927622749,0.20868115130252818,-0.19962488209757367,0.26461268338981414
2026-08-17T01:14:26.994363,254.72709819517104,-33.73781028308387,254.5204548726173,-33.54012317352585,0.20664332255373097,-0.19768710955801794,0.26206451118389407
2026-08-17T01:14:41.994363,253.7485279237693,-33.71244575638626,253.54388209924178,-33.51674715755113,0.20464582452751756,-0.1956985988351292,0.25950442433987275
2026-08-17T01:14:56.994363,252.77125043917835,-33.6834498082346,252.56856065568047,-33.489789373865534,0.20268978349787403,-0.19366043436906466,0.2569336290213853
2026-08-17T01:15:11.994363,251.79059200139756,-33.670627887552676,251.58988824626357,-33.47906487248627,0.2007037551339863,-0.19156301506640716,0.2542804920201561
2026-08-17T01:15:26.994363,250.80970460833396,-33.65900140619079,250.61096460351231,-33.46958752917812,0.19874000482164433,-0.18941387701266876,0.25159887883853765
2026-08-17T01:15:41.994363,249.82979624608663,-33.64371150619815,249.63297898802904,-33.4564955326718,0.19681725805759243,-0.18721597352634944,0.24890753879260832
2026-08-17T01:15:56.994363,248.8509357678671,-33.62487074415173,248.65599918554193,-33.439900342967064,0.19493658232516964,-0.184970401184664,0.24620782289058452
2026-08-17T01:16:11.994363,247.869893013305,-33.621982760479426,247.67686801417906,-33.43931279568355,0.19302499912592452,-0.1826699647958776,0.24343025790908018
2026-08-17T01:16:26.994363,246.88872996185245,-33.62023845992469,246.69759374447116,-33.439917953086116,0.19113621738128472,-0.18032050683857648,0.24062751092635082
2026-08-17T01:16:41.994363,245.90828949449315,-33.614833080557375,245.71900011446792,-33.43690866346062,0.18928938002522955,-0.17792441709675444,0.23781804843812493
2026-08-17T01:16:56.994363,244.9286387496182,-33.60586455645467,244.74115321138547,-33.43038175487227,0.18748553823272118,-0.17548280158239749,0.23500340727722016
2026-08-17T01:17:11.994363,243.94801737583902,-33.61280128573755,243.76236795467156,-33.439809568280204,0.18564942116745442,-0.17299171745734299,0.2321158832698889
2026-08-17T01:17:26.994363,242.9673739783949,-33.6207917195257,242.7835372152066,-33.45033723336889,0.18383676318831021,-0.1704544861568067,0.22920714220881458
2026-08-17T01:17:41.994363,241.98718190758404,-33.625015799767624,241.80511448692428,-33.457142912117995,0.182067420659763,-0.16787288764962938,0.22629568183639123
2026-08-17T01:17:56.994363,241.0075090231423,-33.62555556264703,240.8271665502569,-33.460307522688815,0.18034247288539973,-0.16524803995821458,0.22338328225345574
2026-08-17T01:18:11.994363,240.0280952925898,-33.6421779379408,239.8495123336978,-33.479598255508094,0.17858295889200804,-0.16257968243270682,0.22040284100269456
2026-08-17T01:18:26.994363,239.0487485587641,-33.659723855650626,238.87190068830986,-33.49985526585739,0.17684787045422468,-0.15986858979323415,0.21740627613226168
2026-08-17T01:18:41.994363,238.0695675390856,-33.67327100185874,237.8944094577428,-33.51615550462031,0.17515808134280064,-0.1571154972384292,0.214412190238246
2026-08-17T01:18:56.994363,237.09062391650338,-33.68288437232003,236.91710917277476,-33.52856283188483,0.1735147437286173,-0.1543215404352054,0.21142268300534386
2026-08-17T01:19:11.994363,236.11313929590847,-33.7090266788371,235.94130601362448,-33.557535899319745,0.1718332822839841,-0.1514907795173528,0.20836979434723585
2026-08-17T01:19:26.994363,235.13578933152365,-33.7359133188927,234.96561188118744,-33.58729256519638,0.17017745033621168,-0.14862075369632066,0.2053067434684389
2026-08-17T01:19:41.994363,234.15830636818248,-33.75841693778688,233.98973663346317,-33.61270577093038,0.1685697347193127,-0.14571116685650054,0.2022528713887831
2026-08-17T01:19:56.994363,233.18076998644187,-33.77658448567338,233.01375858130103,-33.633821303070974,0.16701140514084045,-0.14276318260240828,0.19921070035469723
2026-08-17T01:20:11.994363,232.2058649795639,-33.812074738574715,232.04045543156943,-33.672289119851634,0.1654095479944715,-0.13978561872308148,0.1961090812856537
2026-08-17T01:20:26.994363,231.23114156828922,-33.84807526128632,231.06730669543313,-33.71130286119785,0.16383487285608567,-0.1367724000884678,0.19300443927035746
2026-08-17T01:20:41.994363,230.2559751296426,-33.87912417038839,230.09366290080746,-33.74540206734552,0.16231222883513396,-0.1337221030428637,0.18991759478174572
2026-08-17T01:20:56.994363,229.2804586751913,-33.9052494734422,229.11961562692304,-33.77461353408468,0.16084304826827633,-0.13063593935751783,0.1868516349341083
2026-08-17T01:21:11.994363,228.3087254713256,-33.949906326876686,228.14940291632482,-33.82237846838967,0.1593225550007844,-0.12752785848701365,0.1837290131293469
2026-08-17T01:21:26.994363,227.3372030198758,-33.99476761640666,227.17937174950475,-33.87037978322401,0.15783127037104805,-0.12438783318265223,0.18061199974817826
2026-08-17T01:21:41.994363,226.3649202531612,-34.033881396480645,226.20852289022142,-33.91266815334685,0.1563973629397708,-0.12121324313379489,0.17752391454019256
2026-08-17T01:21:56.994363,225.3919913570868,-34.0672559563639,225.23696888620705,-33.9492505812174,0.15502247087974297,-0.11800537514650244,0.17446859759207572
2026-08-17T01:22:11.994363,224.4239215779894,-34.120930605006244,224.27033651251796,-34.006147205985904,0.15358506547144657,-0.11478339902033952,0.17135727054903477
2026-08-17T01:22:26.994363,223.45606168357415,-34.174419412041246,223.30388222456003,-34.06288621451302,0.15217945901412122,-0.11153319752822455,0.16826202598107823
2026-08-17T01:22:41.994363,222.48712333155999,-34.221076070925676,222.3362848807603,-34.112825101632836,0.15083845079968228,-0.10825096929283973,0.1652101871255923
2026-08-17T01:22:56.994363,221.51725316579785,-34.26088852907101,221.36768923846117,-34.15595040753745,0.14956392733668622,-0.1049381215335572,0.1622065996593399
2026-08-17T01:23:11.994363,220.55323364926397,-34.32349047762061,220.40502248366116,-34.22187150955558,0.14821116560281666,-0.10161896806503279,0.15914449179787754
2026-08-17T01:23:26.994363,219.5893955845773,-34.385402811940544,219.44250202631304,-34.28712753519679,0.146893558264253,-0.09827527674375602,0.15611137857637758
2026-08-17T01:23:41.994363,218.62417249733187,-34.43902238120152,218.47852224515822,-34.34412023551932,0.14565025217365246,-0.09490214568219812,0.1531406715457173
2026-08-17T01:23:56.994363,217.65776054069283,-34.4843164776772,217.51327711950952,-34.392815305396894,0.1444834211833097,-0.09150117228030297,0.15023854366559267
2026-08-17T01:24:11.994363,216.6980967763268,-34.55586432095766,216.55488034055384,-34.467762784702764,0.14321643577295617,-0.08810153625489647,0.14727060155049876
2026-08-17T01:24:26.994363,215.73856542581746,-34.62606692006856,215.59657643709926,-34.54138591698722,0.14198898871819665,-0.08468100308134296,0.14434779557083297
2026-08-17T01:24:41.994363,214.77737722176204,-34.68601274331745,214.6365283378633,-34.60477900265332,0.14084888389874095,-0.08123374066412481,0.14151253412716241
2026-08-17T01:24:56.994363,213.81480464986623,-34.735648850269385,213.6750060365794,-34.657887202885675,0.1397986132868425,-0.07776164738370994,0.13877269258775463
2026-08-17T01:25:11.994363,212.85964453458507,-34.81633618534601,212.72102690713237,-34.742038441731715,0.13861762745270312,-0.07429774361429509,0.13595216765080193
2026-08-17T01:25:26.994363,211.9045317978037,-34.89480637221412,211.7670498016097,-34.82398992985737,0.13748199619402612,-0.070816442356751,0.13319711519998265
2026-08-17T01:25:41.994363,210.94756948071392,-34.960361150283724,210.81111812898718,-34.893049743312254,0.13645135172674827,-0.06731140697146998,0.13056304406644598
2026-08-17T01:25:56.994363,209.98915053377402,-35.01292962645756,209.85362201895563,-34.94914460705027,0.13552851481838957,-0.06378501940729109,0.1280598843073562
2026-08-17T01:26:11.994363,209.03849185344188,-35.10323365287357,208.90405963757908,-35.04296122143336,0.13443221586280174,-0.060272431440210994,0.1254495658296962
2026-08-17T01:26:26.994363,208.087778064877,-35.1901370699216,207.95438891116612,-35.13339122466398,0.13338915371087978,-0.05674584525761617,0.12293043548300865
2026-08-17T01:26:41.994363,207.13518686286073,-35.2604837330419,207.00271166513397,-35.20728458948077,0.13247519772676242,-0.05319914356113031,0.1205766899929907
2026-08-17T01:26:56.994363,206.18130764865043,-35.31419182886555,206.0496141913048,-35.264556326984476,0.13169345734561944,-0.04963550188107746,0.11840041991358059
2026-08-17T01:27:11.994363,205.23491005727772,-35.41504036766176,205.10423213496563,-35.36895166402543,0.1306779223120884,-0.04608870363632889,0.1160722170369751
2026-08-17T01:27:26.994363,204.2883378913907,-35.51084248659956,204.15861134858127,-35.46831129848345,0.1297265428094363,-0.0425311881161079,0.11386733878488063
2026-08-17T01:27:41.994363,203.34019313033565,-35.58502646068231,203.21125546019397,-35.54606799002332,0.12893767014168134,-0.03895847065899005,0.11188612005203304
2026-08-17T01:27:56.994363,202.39139885861687,-35.637519003421154,202.26308432468122,-35.60214392789864,0.12831453393565084,-0.0353750755225164,0.11014217627947369
2026-08-17T01:28:11.994363,201.44863213933377,-35.75048635976576,201.3212601374472,-35.71867964297858,0.12737200188655606,-0.03180671678718028,0.10817362934957112
2026-08-17T01:28:26.994363,200.50556745934,-35.85606849383173,200.37905837688018,-35.82783764999399,0.12650908245981896,-0.028230843837739883,0.10636747693501153
2026-08-17T01:28:41.994363,199.56189530396648,-35.93291372541527,199.43603992353613,-35.908266430702284,0.12585538043035172,-0.024647294712984547,0.10485940151456878
2026-08-17T01:28:56.994363,198.6191304854388,-35.981009984674806,198.49371673907808,-35.95994701348069,0.12541374636072078,-0.021062971194119484,0.10366224319530795
2026-08-17T01:29:11.994363,197.67876441617307,-36.10848055219696,197.5542327191944,-36.09099754306566,0.12453169697866429,-0.017483009131296967,0.10212823499926274
2026-08-17T01:29:26.994363,196.73797522474143,-36.22524987012073,196.61422407088634,-36.21135124745973,0.12375115385509616,-0.01389862266099584,0.10080168731082313
2026-08-17T01:29:41.994363,195.79880065753508,-36.30330604079731,195.67555590438513,-36.29298695810318,0.12324475314994743,-0.01031908269413151,0.0998633620390627
2026-08-17T01:29:56.994363,194.86383922755255,-36.342840036562755,194.74082560619425,-36.33608443664239,0.12301362135829663,-0.006755599920367672,0.09931998716923912
2026-08-17T01:30:11.994363,193.92396968700103,-36.48750931459918,193.8017914026712,-36.48433849348723,0.12217828432983424,-0.0031708211119507723,0.09828285888244685
2026-08-17T01:30:26.994363,192.98339307181277,-36.617068099620745,192.86191943910922,-36.617483969457986,0.12147363270355527,0.00041586983724073434,0.09750019305651735
2026-08-17T01:30:41.994363,192.0487034756299,-36.6946471990369,191.92757501389596,-36.698624277921915,0.12112846173394587,0.003977078885014862,0.09720348941841349
2026-08-17T01:30:56.994363,191.1244524303421,-36.72099880014591,191.00331355519452,-36.72849273784131,0.12113887514757948,0.007493937695400632,0.09738368414646703
2026-08-17T01:31:11.994363,190.18443215885173,-36.88289431764336,190.0640781467303,-36.893966183315875,0.1203540121214246,0.011071865672512615,0.09689449462220816
2026-08-17T01:31:26.994363,189.2423180821404,-37.02528841133812,189.12258833457688,-37.03994204834289,0.11972974756352528,0.014653637004769848,0.09669616643110311
2026-08-17T01:31:41.994363,188.31178000321637,-37.10119502029128,188.19222315960488,-37.119378904200744,0.1195568436114911,0.018183883909465237,0.0970621818251539
2026-08-17T01:31:56.994363,187.40034123610786,-37.112565341352855,187.28052061046512,-37.13419763685431,0.11982062564274543,0.021632295501454735,0.09795595474070726
2026-08-17T01:32:11.994363,186.46961932674924,-37.28260251484722,186.3504748554883,-37.3077546045783,0.11914447126093819,0.02515208973107974,0.09806282935202354
2026-08-17T01:32:26.994363,185.53091137840977,-37.43303766565083,185.4122775449029,-37.46173321774939,0.11863383350686263,0.02869555209856145,0.09845920356579019
2026-08-17T01:32:41.994363,184.60243512833836,-37.50888299121067,184.4838085106583,-37.541072696529106,0.11862661768006433,0.032189705318437234,0.09943577039944171
2026-08-17T01:32:56.994363,183.69413294349164,-37.512914494112195,183.57503362368283,-37.54850964652266,0.11909931980881083,0.0355951524104654,0.10093374100875274
2026-08-17T01:33:11.994363,182.79615675717656,-37.67769961029793,182.67755163551405,-37.71665181133322,0.11860512166251169,0.0389522010352934,0.10160945907123582
2026-08-17T01:33:26.994363,181.87720430344427,-37.82983035698828,181.75896307415596,-37.87221104297782,0.11824122928831571,0.04238068598953504,0.10253301038529207
2026-08-17T01:33:41.994363,180.94549760773896,-37.91051456042069,180.82712399557235,-37.95636136650154,0.11837361216660724,0.04584680608085279,0.10401353789940644
2026-08-17T01:33:56.994363,180.01076619536212,-37.91937724502256,179.8917673899968,-37.96868895934237,0.11899880536532237,0.049311714319813404,0.10601090505797205
2026-08-17T01:34:11.994363,179.13946503013494,-38.07878938741479,179.02078058371166,-38.13130913514508,0.11868444642328768,0.052519747730293886,0.10714525295279807
2026-08-17T01:34:26.994363,178.2421784294213,-38.231008793450854,178.12370507341905,-38.28682393476929,0.11847335600225506,0.05581514131843335,0.1084872481085224
2026-08-17T01:34:41.994363,177.3064603120095,-38.3169500225189,177.18771233618355,-38.37619338504667,0.1187479758259542,0.05924336252776641,0.11037712462719454
2026-08-17T01:34:56.994363,176.3411707650846,-38.33249025078116,176.22164099090065,-38.39525834594912,0.11952977418394539,0.06276809516795367,0.11279870947243353
2026-08-17T01:35:11.994363,175.46362012297635,-38.48461972971977,175.34418830143144,-38.55056291555959,0.11943182154490728,0.06594318583982073,0.11437027010862777
2026-08-17T01:35:26.994363,174.57079031188192,-38.63241098394776,174.45137423080976,-38.70157149156723,0.11941608107215984,0.0691605076194719,0.11608906692728517
2026-08-17T01:35:41.994363,173.63856196658577,-38.72157656661549,173.51871670969425,-38.79408548282461,0.11984525689152292,0.0725089162091237,0.11828530409960337
2026-08-17T01:35:56.994363,172.67378433890775,-38.74867419008,172.55304806293114,-38.824634034124784,0.1207362759766113,0.07595984404478173,0.12094196198287435
2026-08-17T01:36:11.994363,171.78335664848294,-38.890476255141344,171.66246911996734,-38.96959023016427,0.12088752851559548,0.07911397502292772,0.12289244629533222
2026-08-17T01:36:26.994363,170.8865753428418,-39.030088811457865,170.7654726875679,-39.112361674496626,0.12110265527391562,0.08227286303876014,0.12493401555510962
2026-08-17T01:36:41.994363,169.96126014793015,-39.12273476278515,169.83957675878335,-39.208251470034135,0.12168338914679566,0.08551670724898486,0.12733390710670017
2026-08-17T01:36:56.994363,169.0117450743728,-39.16663335620702,168.88910874248148,-39.25546045932941,0.12263633189132861,0.08882710312239084,0.13007426559749932
2026-08-17T01:37:11.994363,168.11401567235657,-39.29983282716869,167.99098900973928,-39.391759216452165,0.123026662617292,0.09192638928347208,0.13229588026168052
2026-08-17T01:37:26.994363,167.2133733916267,-39.43152180451304,167.0898986454545,-39.52653615545956,0.12347474617220655,0.09501435094652066,0.1345761537285067
2026-08-17T01:37:41.994363,166.2938775128767,-39.527464580406324,166.1696678729749,-39.62561156083698,0.12420963990177825,0.09814698043065562,0.13710764643320023
2026-08-17T01:37:56.994363,165.3581077970333,-39.58683601128745,165.23287533403538,-39.68814905279277,0.12523246299792845,0.10131304150531406,0.1398756333194292
2026-08-17T01:38:11.994363,164.45693048957418,-39.71369092536157,164.3310835292725,-39.818022277877816,0.1258469603016863,0.10433135251624748,0.1422761897728979
2026-08-17T01:38:26.994363,163.55402698464593,-39.83907818318712,163.42750851573396,-39.94640917519,0.12651846891196783,0.1073309920028791,0.14471585699073347
2026-08-17T01:38:41.994363,162.6385917297751,-39.93743210495467,162.51117623668654,-40.04778062822553,0.12741549308856293,0.11034852327086497,0.14732877032762684
2026-08-17T01:38:56.994363,161.71219547670506,-40.00836397567514,161.58365852882295,-40.12174084632968,0.128536947882111,0.11337687065454105,0.15010391477786938
2026-08-17T01:39:11.994363,160.80940214995974,-40.1303905325239,160.68003630633615,-40.246686983267914,0.12936584362358872,0.11629645074401651,0.15261518482384773
2026-08-17T01:39:26.994363,159.90536893899474,-40.25090727391007,159.77511711238373,-40.370100066926376,0.13025182661101553,0.11919279301630326,0.155151751453875
2026-08-17T01:39:41.994363,158.9926611701394,-40.35068535715263,158.86134198469946,-40.472775286780575,0.13131918543993493,0.12208992962794696,0.15780801587546478
2026-08-17T01:39:56.994363,158.07228422209914,-40.42952976961518,157.93971816360784,-40.55451291002422,0.13256605849130665,0.1249831404090429,0.16057595852229373
2026-08-17T01:40:11.994363,157.16868136370124,-40.54765873224679,157.03507801112275,-40.67544938042254,0.13360335257848988,0.12779064817575403,0.16314776220334212
2026-08-17T01:40:26.994363,156.26407213192914,-40.66427102259554,156.12937453736603,-40.794842391547725,0.13469759456310726,0.13057136895218235,0.1657343498412319
2026-08-17T01:40:41.994363,155.35313454842077,-40.76462280203927,155.21719266131637,-40.897964445540744,0.13594188710439425,0.13334164350147404,0.16840400886878307
2026-08-17T01:40:56.994363,154.43654728903965,-40.84860636360206,154.29921313072052,-40.98470449277267,0.13733415831913476,0.13609812917061248,0.17115089679528447
2026-08-17T01:41:11.994363,153.53246907758216,-40.963371688538665,153.39389297198815,-41.10215393825844,0.13857610559401223,0.1387822497197746,0.17374573584308747
2026-08-17T01:41:26.994363,152.62751281608763,-41.076639216266535,152.48763832926372,-41.21807587075705,0.13987448682391346,0.14143665449051213,0.1763472364722474
2026-08-17T01:41:41.994363,151.71767610357296,-41.17684985663038,151.57637563937175,-41.32092268703974,0.14130046420120834,0.1440728304093568,0.17900638252777712
2026-08-17T01:41:56.994363,150.8034399455396,-41.26393541003097,150.66058797507597,-41.410623689116576,0.1428519704636244,0.146688279085609,0.18171887064004405
2026-08-17T01:42:11.994363,149.89893839992305,-41.3756294787479,149.75464266253888,-41.52486876299922,0.14429573738416934,0.1492392842513155,0.18430856863959763
2026-08-17T01:42:26.994363,148.99361614739098,-41.48585550295435,148.8478209075477,-41.637613454548266,0.1457952398432667,0.1517579515939147,0.18689859054641153
2026-08-17T01:42:41.994363,148.08432018901834,-41.585342064178356,147.93691425656746,-41.73959474578236,0.14740593245088007,0.15425268160400663,0.189528258764872
2026-08-17T01:42:56.994363,147.17140645801413,-41.67403798398892,147.0222806351734,-41.83075950306741,0.1491258228407446,0.15672151907849496,0.19219435788609182
2026-08-17T01:43:11.994363,146.2664219165722,-41.7827951065577,146.11565311598068,-41.94192552801441,0.1507688005915213,0.15913042145670886,0.19475728359179334
2026-08-17T01:43:26.994363,145.36064468435427,-41.89011226814786,145.20817808259247,-42.05161684620839,0.1524666017618017,0.16150457806052998,0.19731553835003124
2026-08-17T01:43:41.994363,144.4514674961423,-41.98838691844042,144.29720420551791,-42.15223729240986,0.15426329062438526,0.16385037396943858,0.19990043890549203
2026-08-17T01:43:56.994363,143.5391639939047,-42.07757385825863,143.3830070338892,-42.243740077602325,0.15615696001549395,0.1661662193436939,0.20250954771249607
2026-08-17T01:44:11.994363,142.63355594902384,-42.18342297273962,142.47555964615293,-42.35184767161154,0.15799630287091304,0.1684246988719167,0.2050290206647383
2026-08-17T01:44:26.994363,141.72715484213393,-42.28785000145149,141.56726545100346,-42.45849622373033,0.15988939113046285,0.1706462222788403,0.2075399126567379
2026-08-17T01:44:41.994363,140.81771773064582,-42.38448769622319,140.65584586700413,-42.55732348048408,0.16187186364169293,0.17283578426089008,0.21006789270506748
2026-08-17T01:44:56.994363,139.90546252970836,-42.473291234564684,139.74152064756765,-42.64828328526341,0.16394188214070482,0.1749920506987266,0.2126110876766868
2026-08-17T01:45:11.994363,138.99906397136812,-42.5761986573106,138.83308989777208,-42.753290935773094,0.16597407359603267,0.17709227846249576,0.21507406965231343
2026-08-17T01:45:26.994363,138.09186021531883,-42.677693023122714,137.92380150538017,-42.8568465085678,0.1680587099386628,0.17915348544508447,0.21752537510234757
2026-08-17T01:45:41.994363,137.1818497493109,-42.77232845844677,137.01162462823584,-42.95350813854581,0.17022512107507737,0.18117968009903507,0.21998663507748462
2026-08-17T01:45:56.994363,136.26921201008122,-42.860057630042746,136.0967404998515,-43.04322734488854,0.17247151022971252,0.18316971484579625,0.2224563933118055
2026-08-17T01:46:11.994363,135.36183208024738,-42.959956694780566,135.18713995047042,-43.14506104005316,0.17469212977695747,0.18510434527259179,0.22485266566210096
2026-08-17T01:46:26.994363,134.45362221224548,-43.05844287753806,134.27665854869863,-43.24544091139694,0.176963663546843,0.18699803385887748,0.22723482555370264
2026-08-17T01:46:41.994363,133.5427473240722,-43.150760465370574,133.3634366965653,-43.33961450845141,0.17931062750690785,0.18885404308083764,0.22962155441648854
2026-08-17T01:46:56.994363,132.62936010689162,-43.236858142525016,132.4476288722536,-43.427529507845016,0.181731234638022,0.19067136532000006,0.2320117078845931
2026-08-17T01:47:11.994363,131.72082678646018,-43.333654591942356,131.53669205135705,-43.52608803525532,0.18413473510312883,0.19243344331296441,0.23433318644570184
2026-08-17T01:47:26.994363,130.81143987061512,-43.429027951346605,130.62485253411194,-43.623180725031446,0.18658733650318027,0.1941527736848414,0.23663862179632517
2026-08-17T01:47:41.994363,129.899472929561,-43.51874126693583,129.71036310122517,-43.71457330907551,0.18910982833583034,0.19583204213968486,0.23894452724197837
2026-08-17T01:47:56.994363,128.98506022499095,-43.60273854710689,128.79335982499927,-43.800208898877045,0.19170039999167443,0.19747035177015704,0.2412499964661337
2026-08-17T01:48:11.994363,128.07520964376278,-43.69633680918828,127.88092969181814,-43.895390179666364,0.19427995194462255,0.19905337047808302,0.24349029836359382
2026-08-17T01:48:26.994363,127.16447825138869,-43.78849697432921,126.96757176417812,-43.98908893999031,0.19690648721058324,0.20059196566109705,0.24571304250196294
2026-08-17T01:48:41.994363,126.25121520149463,-43.87536541001063,126.05161735396406,-44.077453750703356,0.1995978475305833,0.2020883406927254,0.24793312651476043
2026-08-17T01:48:56.994363,125.33554245116653,-43.95688118355501,125.13319028517708,-44.16042287351908,0.20235216598945271,0.2035416899640694,0.2501498281803804
2026-08-17T01:49:11.994363,124.42422907905569,-44.047168957734826,124.21912944233898,-44.25210855904257,0.20509963671671017,0.2049396013077427,0.25230399172423035
2026-08-17T01:49:26.994363,123.51201021118715,-44.13599263282634,123.30411855683735,-44.3422841714039,0.20789165434979395,0.20629153857755966,0.25443943297617566
2026-08-17T01:49:41.994363,122.59728605874011,-44.219782226298996,122.3865424082072,-44.42738151329966,0.21074365053289057,0.20759928700066155,0.25656982690808083
2026-08-17T01:49:56.994363,121.68017098729337,-44.298471872894595,121.46651731712328,-44.507333993137735,0.21365367017008907,0.20886212024313977,0.2586945955503177
2026-08-17T01:50:11.994363,120.76726738057363,-44.38534992550514,120.5507079047665,-44.595419300444306,0.21655947580711654,0.21006937493916666,0.2607587740094474
2026-08-17T01:50:26.994363,119.85343503147124,-44.47073662376626,119.63392799517825,-44.681965864297446,0.21950703629298118,0.21122924053118908,0.2628033414236304
2026-08-17T01:50:41.994363,118.93711120571345,-44.55125874710998,118.7146014449173,-44.76360186819456,0.22250976079612883,0.21234312108457942,0.26484105598303637
2026-08-17T01:50:56.994363,118.01840639116739,-44.62684565328865,117.79284081467341,-44.8402560157595,0.22556557649397746,0.213410362470853,0.266871453799975
2026-08-17T01:51:11.994363,117.10381524292018,-44.710228742471706,116.87519658005594,-44.924650808818484,0.22861866286422128,0.21442206634677774,0.2688428248795484
2026-08-17T01:51:26.994363,116.18827815231947,-44.792090143029355,115.9565678232829,-45.00747512030516,0.23171032903655941,0.21538497727580364,0.270793817990257
2026-08-17T01:51:41.994363,115.27025794070067,-44.869185084296554,115.03540570996451,-45.0854853592264,0.23485223073618045,0.21630027492984993,0.2727366164888822
2026-08-17T01:51:56.994363,114.34986424248427,-44.94143840647797,114.11182209178453,-45.15860578190639,0.23804215069975498,0.21716737542841713,0.27467084844096956
2026-08-17T01:52:11.994363,113.43350670653695,-45.02124230972761,113.19227668630995,-45.23922114753535,0.24123002022699325,0.21797883780774185,0.276547111165003
2026-08-17T01:52:26.994363,112.51618931347133,-45.099487810462016,112.27173634228231,-45.31822832723457,0.24445297118901976,0.2187405167725558,0.2784026652668396
2026-08-17T01:52:41.994363,111.59639743408883,-45.17300582586424,111.34867643391914,-45.392458948970294,0.24772100016969034,0.21945312310605658,0.28024905817833157
2026-08-17T01:52:56.994363,110.67424240256554,-45.2417170227457,110.42321068116868,-45.46183316608047,0.25103172139685626,0.2201161433347636,0.2820859919588457
2026-08-17T01:53:11.994363,109.7560616220834,-45.317878718943994,109.50172111744202,-45.53860241374715,0.2543405046413909,0.220723694803155,0.28386585939519415
2026-08-17T01:53:26.994363,108.83691197946104,-45.39244620718541,108.57923148836497,-45.61372671469533,0.2576804910960675,0.221280507509924,0.2856247481156964
2026-08-17T01:53:41.994363,107.91530041995816,-45.462276031317046,107.65424033121629,-45.68406299645879,0.26106008874188547,0.2217869651417459,0.28737381832141357
2026-08-17T01:53:56.994363,106.99134215265019,-45.527285076855236,106.72686542947636,-45.74952770444293,0.26447672317382853,0.22224262758769697,0.2891128321945731
2026-08-17T01:54:11.994363,106.07131192720527,-45.5997486561207,105.80342074077356,-45.82239180224735,0.2678911864317115,0.22264314612665004,0.2907955313745359
2026-08-17T01:54:26.994363,105.15031181693496,-45.670577838663334,104.87897919965968,-45.89356998511026,0.27133261727527724,0.2229921464469271,0.2924571411001591
2026-08-17T01:54:41.994363,104.22686991387701,-45.73661759991708,103.95206209744134,-45.95990729865618,0.27480781643566843,0.22328969873909443,0.29410853279587534
2026-08-17T01:54:56.994363,103.3011072064158,-45.79778149793011,103.02279320158063,-46.021316939206834,0.2783140048351811,0.22353544127672365,0.2957495176723566
2026-08-17T01:55:11.994363,102.37921699954796,-45.866499384646886,102.09739930371595,-46.09022592713699,0.281817695832018,0.22372654249010537,0.2973348654121831
2026-08-17T01:55:26.994363,101.45635972402732,-45.93354030055383,101.17101593355407,-46.15740583596305,0.28534379047323455,0.2238655354092174,0.2988991602289982
2026-08-17T01:55:41.994363,100.53109103447781,-45.99570443279875,100.24219364388377,-46.219656622719825,0.28889739059405883,0.22395218992107147,0.3004530546052875
2026-08-17T01:55:56.994363,99.60353938788768,-46.052902513748236,99.3110638870378,-46.27688874264731,0.29247550084988916,0.22398622889907216,0.3019963993975716
2026-08-17T01:56:11.994363,98.67980452585988,-46.117861071616254,98.3837537150408,-46.341827372651565,0.29605081081908224,0.22396630103531123,0.30348465875517217
2026-08-17T01:56:26.994363,97.75511254154509,-46.18110450152755,97.45546889376108,-46.40499837592653,0.2996436477840234,0.223893874398982,0.30495201266454286
2026-08-17T01:56:41.994363,96.82805108359565,-46.23935354858971,96.5247937920648,-46.46312198704284,0.3032572915308549,0.22376843845312777,0.3064089703153732
2026-08-17T01:56:56.994363,95.89875755751905,-46.29251664996296,95.59186903256538,-46.516106459116024,0.30688852495364927,0.22358980915306148,0.3078554155765103
2026-08-17T01:57:11.994363,94.97320751183878,-46.35370977519344,94.66269060070198,-46.577067834275404,0.31051691113680135,0.22335805908196704,0.3092473459129311
2026-08-17T01:57:26.994363,94.04671498102493,-46.41314566945037,93.7325573041275,-46.636219299343765,0.31415767689742324,0.22307362989339197,0.31061864439043696
2026-08-17T01:57:41.994363,93.1179086445216,-46.46744325577913,92.80009654398299,-46.690179011343986,0.3178121005386174,0.22273575556485525,0.3119797101823132
2026-08-17T01:57:56.994363,92.18693618846208,-46.51650926190946,91.86545944579595,-46.738853615269484,0.32147674266613535,0.22234435336002178,0.3133304536482015
2026-08-17T01:58:11.994363,91.25962766475908,-46.573939449147936,90.9344888500292,-46.79584029117485,0.3251388147298826,0.22190084202691196,0.3146272431287384
2026-08-17T01:58:26.994363,90.33140001380167,-46.62956948387127,90.00259214871505,-46.85097417683112,0.32880786508661686,0.221404692959851,0.3159037764689223
2026-08-17T01:58:41.994363,89.40092945050537,-46.679894720811454,89.06844647133292,-46.90074963719107,0.33248297917245395,0.22085491637961496,0.31717037834787626
2026-08-17T01:58:56.994363,88.46837511488508,-46.72482081357961,88.13221461361307,-46.94507235362324,0.3361605012719906,0.2202515400436269,0.31842698047345797
2026-08-17T01:59:11.994363,87.53935720368224,-46.778512882077884,87.19952085908568,-46.998110080498655,0.33983634459656287,0.21959719842077163,0.31963023589335876
2026-08-17T01:59:26.994363,86.60944225161649,-46.83036382128646,86.26592865332624,-47.04925430270326,0.34351359829025796,0.2188904814167998,0.3208137123036721
2026-08-17T01:59:41.994363,85.67737109995534,-46.87672380679228,85.33018219905618,-47.09485402659428,0.3471889008991411,0.2181302198019992,0.32198767706260606
2026-08-17T01:59:56.994363,84.74331537801095,-46.91749808096659,84.39245698554714,-47.134814642069486,0.350858392463806,0.21731656110289777,0.32315207886201175
2026-08-17T02:00:11.994363,83.81267390063044,-46.96748308896877,83.45814623423264,-47.18393646075261,0.3545276663978143,0.21645337178384239,0.3242639051985103
2026-08-17T02:00:26.994363,82.88117057028882,-47.0155844476512,82.52297807120236,-47.23112261133454,0.35819249908644224,0.2155381636833411,0.32535636383102495
2026-08-17T02:00:41.994363,81.94761475316221,-47.05799237214153,81.5857677772852,-47.272562150674645,0.36184697587702885,0.21456977853311798,0.3264398330393222
2026-08-17T02:00:56.994363,81.01219143564498,-47.094612414707846,80.64670438415247,-47.30816090710161,0.3654870514924937,0.2135484923937625,0.3275142744035875
2026-08-17T02:01:11.994363,80.08001302574911,-47.140952836905825,79.71088404805987,-47.35343174519054,0.36912897768922903,0.21247890828471583,0.32853665428084167
2026-08-17T02:01:26.994363,79.14700777291227,-47.18537233027365,78.77424703023378,-47.396730514747915,0.37276074267850845,0.21135818447426402,0.32954044835487095
2026-08-17T02:01:41.994363,78.2120702042318,-47.22388221627767,77.83569678992491,-47.43406716095378,0.3763734143068973,0.21018494467610793,0.33053586367512844
2026-08-17T02:01:56.994363,77.27539937452576,-47.256389091763225,76.8954365863172,-47.4653486945148,0.3799627882085588,0.20895960275157677,0.33152287246000683
2026-08-17T02:02:11.994363,76.34177749748562,-47.29913443977928,75.95822066161196,-47.506821863392,0.3835568358736623,0.2076874236127182,0.33245861195074555
2026-08-17T02:02:26.994363,75.40736974686325,-47.339915151620254,75.02023491713578,-47.54628022976392,0.38713482972747215,0.20636507814366922,0.3333764870657352
2026-08-17T02:02:41.994363,74.47116754554963,-47.37455903077203,74.08048283973172,-47.579550213875194,0.39068470581793235,0.20499118310316078,0.33428666666578166
2026-08-17T02:02:56.994363,73.53338457273452,-47.40297450825059,73.13918243999203,-47.60654080576472,0.3942021327424925,0.20356629751413635,0.33518913059732514
2026-08-17T02:03:11.994363,72.59842354397887,-47.44220844484297,72.2006956326477,-47.644304532543664,0.3977279113311738,0.20209608770069565,0.3360411224328808
2026-08-17T02:03:26.994363,71.66272103002962,-47.47944300033734,71.26148924767311,-47.68001992111888,0.40123178235648993,0.20057692078153622,0.3368760187121609
2026-08-17T02:03:41.994363,70.72537788133434,-47.510305325742465,70.32067956957447,-47.70931280652916,0.404698311759887,0.1990074807866975,0.33770396470851216
2026-08-17T02:03:56.994363,69.78662275913308,-47.53470647324372,69.37849967954442,-47.73209495137132,0.4081230795886768,0.19738847812759985,0.3385249458106649
2026-08-17T02:04:11.994363,68.85041887555366,-47.570515918034125,68.43885823164112,-47.76624159132756,0.4115606439125372,0.19572567329343116,0.33929637779839394
2026-08-17T02:04:26.994363,67.91351828737317,-47.60428894754002,67.4985477767352,-47.79830429549665,0.4149705106379713,0.19401534795662911,0.3400515495973639
2026-08-17T02:04:41.994363,66.97514648286864,-47.631448664389794,66.5568127964797,-47.82370500198922,0.41833368638893376,0.1922563375994244,0.340800564571594
2026-08-17T02:04:56.994363,66.03554728920898,-47.651909544105486,65.61390158254845,-47.84235905284786,0.42164570666051304,0.19044950874237543,0.34154341202248667
2026-08-17T02:05:11.994363,65.0982316488649,-47.684378561048156,64.67325611096575,-47.87297903335305,0.4249755378991438,0.1886004723048913,0.3422376995033239
2026-08-17T02:05:26.994363,64.16027550814312,-47.714774577553314,63.73200354526217,-47.9014801772389,0.4282719628809559,0.1867055996855882,0.34291660476381874
2026-08-17T02:05:41.994363,63.221032095493456,-47.73831394687217,62.78951977910293,-47.9230778914208,0.4315123163905241,0.1847639445486351,0.34359018310919154
2026-08-17T02:05:56.994363,62.280760348845945,-47.75491537790785,61.84606821031924,-47.93769190970889,0.43469213852671373,0.18277653180103925,0.34425842610588964
2026-08-17T02:06:11.994363,61.34242100696417,-47.78415357472239,60.90452512071608,-47.96490208847205,0.43789588624809994,0.18074851374966272,0.3448793485720178
2026-08-17T02:06:26.994363,60.403484582523106,-47.81128875408276,59.962423975365716,-47.989965154666336,0.4410606071573966,0.17867640058357637,0.3454856479334668
2026-08-17T02:06:41.994363,59.46345634988296,-47.831323614433785,59.01929640472582,-48.00788331962805,0.4441599451571392,0.1765597051942649,0.34608747536106077
2026-08-17T02:06:56.994363,58.522610137297875,-47.844181849487256,58.0754206393662,-48.01858146147556,0.4471894979316744,0.17439961198830645,0.34668482481059476
2026-08-17T02:07:11.994363,57.583375114523335,-47.870289696635055,57.13312606348334,-48.04249005756612,0.4502490510400037,0.17220036093106472,0.34723584615277325
2026-08-17T02:07:26.994363,56.64360179661094,-47.89426268209533,56.19033736653854,-48.064221940207396,0.4532644300724087,0.16995925811206547,0.34777334694620254
2026-08-17T02:07:41.994363,55.702941901258214,-47.91089525019258,55.246736610320774,-48.0785713166596,0.4562052909374472,0.16767606646701694,0.34830724406989366
2026-08-17T02:07:56.994363,54.76168365084686,-47.92011681039024,54.30261630652857,-48.08546893767363,0.4590673443182993,0.16535212728339133,0.34883753309866633
2026-08-17T02:08:11.994363,53.821659260441606,-47.94321325825167,53.35969297387547,-48.10620375970203,0.46196628656613825,0.1629905014503663,0.3493227106951796
2026-08-17T02:08:26.994363,52.881145306622955,-47.96415022629668,52.41632922506791,-48.12473953546454,0.4648160815550568,0.16058930916786096,0.34979532749257775
2026-08-17T02:08:41.994363,51.93995558845057,-47.977512477037024,51.47237307948203,-48.13566126539635,0.4675825089685475,0.1581487883593269,0.35026521166014185
2026-08-17T02:08:56.994363,50.99839203941366,-47.9832357673255,50.52813059114857,-48.13890619959261,0.47026144826509153,0.15567043226710808,0.3507323605063626
2026-08-17T02:09:11.994363,50.05767569347148,-48.003432692988035,49.58469133240945,-48.15658854816949,0.4729843610620321,0.1531558551814527,0.3511556992380428
2026-08-17T02:09:26.994363,49.11651829537868,-48.02144516723934,48.64086484894035,-48.17204934623184,0.4756534464383435,0.150604178992495,0.351567448512283
2026-08-17T02:09:41.994363,48.17489825384297,-48.031657289443025,47.696667550308845,-48.17967346726621,0.4782307035341091,0.14801617782318743,0.3519773272080497
2026-08-17T02:09:56.994363,47.2331303180963,-48.03401170244894,46.7524180821343,-48.17940519174469,0.4807122359620166,0.14539348929574913,0.3523853348794467
2026-08-17T02:10:11.994363,46.29185067928046,-48.05142908435575,45.80860575237757,-48.194165227803474,0.48324492690289844,0.14273614344772056,0.35275084733582984
